Picked up JAVA_TOOL_OPTIONS: -Xmx224m -XX:MaxMetaspaceSize=128m -XX:+UseSerialGC
Oct 07, 2026 10:39:47 AM com.google.cloud.datastore.emulator.firestore.websocket.WebSocketServer start
INFO: Started WebSocket server on ws://0.0.0.0:9150
API endpoint: http://0.0.0.0:8080
If you are using a library that supports the FIRESTORE_EMULATOR_HOST environment variable, run:

   export FIRESTORE_EMULATOR_HOST=0.0.0.0:8080

If you are running a Firestore in Datastore Mode project, run:

   export DATASTORE_EMULATOR_HOST=0.0.0.0:8080

Note: Support for Datastore Mode is in preview. If you encounter any bugs please file at https://github.com/firebase/firebase-tools/issues.
Dev App Server is now running.

Oct 07, 2026 10:39:59 AM io.gapi.emulators.netty.HttpVersionRoutingHandler channelRead
INFO: Detected non-HTTP/2 connection.
Oct 07, 2026 10:39:59 AM io.gapi.emulators.netty.HttpVersionRoutingHandler channelRead
INFO: Detected HTTP/2 connection.
Oct 07, 2026 10:41:57 AM io.gapi.emulators.netty.HttpVersionRoutingHandler channelRead
INFO: Detected HTTP/2 connection.
Oct 07, 2026 10:41:57 AM io.gapi.emulators.netty.HttpVersionRoutingHandler channelRead
INFO: Detected non-HTTP/2 connection.
Oct 07, 2026 10:41:57 AM io.gapi.emulators.netty.HttpVersionRoutingHandler channelRead
INFO: Detected non-HTTP/2 connection.
Oct 07, 2026 10:41:57 AM com.google.cloud.datastore.emulator.impl.util.WrappedStreamObserver onError
WARNING: Operation failed: 
false for 'create' @ L82, false for 'create' @ L235, evaluation error at L88:24 for 'update' @ L88, false for 'update' @ L235, false for 'update' @ L88, false for 'update' @ L235
com.google.cloud.datastore.core.exception.DatastoreException: 
false for 'create' @ L82, false for 'create' @ L235, evaluation error at L88:24 for 'update' @ L88, false for 'update' @ L235, false for 'update' @ L88, false for 'update' @ L235
	at com.google.cloud.datastore.core.exception.DatastoreException$Builder.build(DatastoreException.java:121)
	at com.google.cloud.datastore.emulator.impl.rules.DefaultEmulatorRulesAuthorizer.verboseError(DefaultEmulatorRulesAuthorizer.java:318)
	at com.google.cloud.datastore.emulator.impl.rules.DefaultEmulatorRulesAuthorizer.withVerboseErrors(DefaultEmulatorRulesAuthorizer.java:295)
	at com.google.cloud.datastore.emulator.impl.rules.DefaultEmulatorRulesAuthorizer.checkCommit(DefaultEmulatorRulesAuthorizer.java:114)
	at com.google.cloud.datastore.emulator.impl.firestore.FirestoreEmulatorHelper.commitHelper(FirestoreEmulatorHelper.java:360)
	at com.google.cloud.datastore.emulator.impl.firestore.FirestoreEmulatorHelper.internalCommit(FirestoreEmulatorHelper.java:314)
	at com.google.cloud.datastore.emulator.impl.firestore.CloudFirestoreV1.internalCommit(CloudFirestoreV1.java:1077)
	at com.google.cloud.datastore.emulator.impl.firestore.CloudFirestoreV1.updateDocument(CloudFirestoreV1.java:458)
	at com.google.cloud.datastore.emulator.impl.firestore.CloudFirestoreV1Router.updateDocument(CloudFirestoreV1Router.java:149)
	at com.google.cloud.datastore.emulator.firestore.v1.FirestoreV1GrpcAdapter$1.lambda$updateDocument$4(FirestoreV1GrpcAdapter.java:132)
	at com.google.cloud.datastore.emulator.firestore.v1.FirestoreV1GrpcAdapter.unary(FirestoreV1GrpcAdapter.java:72)
	at com.google.cloud.datastore.emulator.firestore.v1.FirestoreV1GrpcAdapter$1.updateDocument(FirestoreV1GrpcAdapter.java:132)
	at com.google.firestore.v1.FirestoreGrpc$MethodHandlers.invoke(FirestoreGrpc.java:1218)
	at io.grpc.stub.ServerCalls$UnaryServerCallHandler$UnaryServerCallListener.onHalfClose(ServerCalls.java:182)
	at io.grpc.PartialForwardingServerCallListener.onHalfClose(PartialForwardingServerCallListener.java:35)
	at io.grpc.ForwardingServerCallListener.onHalfClose(ForwardingServerCallListener.java:23)
	at io.grpc.ForwardingServerCallListener$SimpleForwardingServerCallListener.onHalfClose(ForwardingServerCallListener.java:40)
	at io.grpc.Contexts$ContextualizedServerCallListener.onHalfClose(Contexts.java:86)
	at io.grpc.PartialForwardingServerCallListener.onHalfClose(PartialForwardingServerCallListener.java:35)
	at io.grpc.ForwardingServerCallListener.onHalfClose(ForwardingServerCallListener.java:23)
	at io.grpc.ForwardingServerCallListener$SimpleForwardingServerCallListener.onHalfClose(ForwardingServerCallListener.java:40)
	at io.grpc.Contexts$ContextualizedServerCallListener.onHalfClose(Contexts.java:86)
	at io.grpc.internal.ServerCallImpl$ServerStreamListenerImpl.halfClosed(ServerCallImpl.java:356)
	at io.grpc.internal.ServerImpl$JumpToApplicationThreadServerStreamListener$1HalfClosed.runInContext(ServerImpl.java:861)
	at io.grpc.internal.ContextRunnable.run(ContextRunnable.java:37)
	at io.grpc.internal.SerializingExecutor.run(SerializingExecutor.java:133)
	at java.base/java.util.concurrent.ThreadPoolExecutor.runWorker(ThreadPoolExecutor.java:1128)
	at java.base/java.util.concurrent.ThreadPoolExecutor$Worker.run(ThreadPoolExecutor.java:628)
	at java.base/java.lang.Thread.run(Thread.java:834)

Oct 07, 2026 10:41:57 AM io.gapi.emulators.netty.HttpHandler$1 onError
INFO: Exception when handling request: PERMISSION_DENIED: 
false for 'create' @ L82, false for 'create' @ L235, evaluation error at L88:24 for 'update' @ L88, false for 'update' @ L235, false for 'update' @ L88, false for 'update' @ L235
Oct 07, 2026 10:41:58 AM com.google.cloud.datastore.emulator.impl.util.WrappedStreamObserver onError
WARNING: Operation failed: 
false for 'get' @ L177, false for 'get' @ L235
com.google.cloud.datastore.core.exception.DatastoreException: 
false for 'get' @ L177, false for 'get' @ L235
	at com.google.cloud.datastore.core.exception.DatastoreException$Builder.build(DatastoreException.java:121)
	at com.google.cloud.datastore.emulator.impl.rules.DefaultEmulatorRulesAuthorizer.verboseError(DefaultEmulatorRulesAuthorizer.java:318)
	at com.google.cloud.datastore.emulator.impl.rules.DefaultEmulatorRulesAuthorizer.withVerboseErrors(DefaultEmulatorRulesAuthorizer.java:295)
	at com.google.cloud.datastore.emulator.impl.rules.DefaultEmulatorRulesAuthorizer.checkLookup(DefaultEmulatorRulesAuthorizer.java:153)
	at com.google.cloud.datastore.emulator.impl.firestore.FirestoreEmulatorHelper.snapshotRead(FirestoreEmulatorHelper.java:286)
	at com.google.cloud.datastore.emulator.impl.firestore.FirestoreEmulatorHelper.lambda$read$0(FirestoreEmulatorHelper.java:245)
	at com.google.cloud.datastore.emulator.impl.transactions.EmulatorTransactionManager$ReadOnlyTransaction.fold(EmulatorTransactionManager.java:461)
	at com.google.cloud.datastore.emulator.impl.firestore.FirestoreEmulatorHelper.read(FirestoreEmulatorHelper.java:244)
	at com.google.cloud.datastore.emulator.impl.firestore.CloudFirestoreV1.getDocument(CloudFirestoreV1.java:331)
	at com.google.cloud.datastore.emulator.impl.firestore.CloudFirestoreV1Router.getDocument(CloudFirestoreV1Router.java:129)
	at com.google.cloud.datastore.emulator.impl.firestore.CloudFirestoreV1Router.getOrListDocuments(CloudFirestoreV1Router.java:123)
	at com.google.cloud.datastore.emulator.firestore.v1.FirestoreV1GrpcAdapter$1.lambda$getOrListDocuments$0(FirestoreV1GrpcAdapter.java:108)
	at com.google.cloud.datastore.emulator.firestore.v1.FirestoreV1GrpcAdapter.unary(FirestoreV1GrpcAdapter.java:72)
	at com.google.cloud.datastore.emulator.firestore.v1.FirestoreV1GrpcAdapter$1.getOrListDocuments(FirestoreV1GrpcAdapter.java:108)
	at com.google.firestore.v1.FirestoreGrpc$MethodHandlers.invoke(FirestoreGrpc.java:1206)
	at io.grpc.stub.ServerCalls$UnaryServerCallHandler$UnaryServerCallListener.onHalfClose(ServerCalls.java:182)
	at io.grpc.PartialForwardingServerCallListener.onHalfClose(PartialForwardingServerCallListener.java:35)
	at io.grpc.ForwardingServerCallListener.onHalfClose(ForwardingServerCallListener.java:23)
	at io.grpc.ForwardingServerCallListener$SimpleForwardingServerCallListener.onHalfClose(ForwardingServerCallListener.java:40)
	at io.grpc.Contexts$ContextualizedServerCallListener.onHalfClose(Contexts.java:86)
	at io.grpc.PartialForwardingServerCallListener.onHalfClose(PartialForwardingServerCallListener.java:35)
	at io.grpc.ForwardingServerCallListener.onHalfClose(ForwardingServerCallListener.java:23)
	at io.grpc.ForwardingServerCallListener$SimpleForwardingServerCallListener.onHalfClose(ForwardingServerCallListener.java:40)
	at io.grpc.Contexts$ContextualizedServerCallListener.onHalfClose(Contexts.java:86)
	at io.grpc.internal.ServerCallImpl$ServerStreamListenerImpl.halfClosed(ServerCallImpl.java:356)
	at io.grpc.internal.ServerImpl$JumpToApplicationThreadServerStreamListener$1HalfClosed.runInContext(ServerImpl.java:861)
	at io.grpc.internal.ContextRunnable.run(ContextRunnable.java:37)
	at io.grpc.internal.SerializingExecutor.run(SerializingExecutor.java:133)
	at java.base/java.util.concurrent.ThreadPoolExecutor.runWorker(ThreadPoolExecutor.java:1128)
	at java.base/java.util.concurrent.ThreadPoolExecutor$Worker.run(ThreadPoolExecutor.java:628)
	at java.base/java.lang.Thread.run(Thread.java:834)

Oct 07, 2026 10:41:58 AM io.gapi.emulators.netty.HttpHandler$1 onError
INFO: Exception when handling request: PERMISSION_DENIED: 
false for 'get' @ L177, false for 'get' @ L235
Oct 07, 2026 10:41:58 AM com.google.cloud.datastore.emulator.impl.util.WrappedStreamObserver onError
WARNING: Operation failed: 
false for 'get' @ L190, false for 'get' @ L235
com.google.cloud.datastore.core.exception.DatastoreException: 
false for 'get' @ L190, false for 'get' @ L235
	at com.google.cloud.datastore.core.exception.DatastoreException$Builder.build(DatastoreException.java:121)
	at com.google.cloud.datastore.emulator.impl.rules.DefaultEmulatorRulesAuthorizer.verboseError(DefaultEmulatorRulesAuthorizer.java:318)
	at com.google.cloud.datastore.emulator.impl.rules.DefaultEmulatorRulesAuthorizer.withVerboseErrors(DefaultEmulatorRulesAuthorizer.java:295)
	at com.google.cloud.datastore.emulator.impl.rules.DefaultEmulatorRulesAuthorizer.checkLookup(DefaultEmulatorRulesAuthorizer.java:153)
	at com.google.cloud.datastore.emulator.impl.firestore.FirestoreEmulatorHelper.snapshotRead(FirestoreEmulatorHelper.java:286)
	at com.google.cloud.datastore.emulator.impl.firestore.FirestoreEmulatorHelper.lambda$read$0(FirestoreEmulatorHelper.java:245)
	at com.google.cloud.datastore.emulator.impl.transactions.EmulatorTransactionManager$ReadOnlyTransaction.fold(EmulatorTransactionManager.java:461)
	at com.google.cloud.datastore.emulator.impl.firestore.FirestoreEmulatorHelper.read(FirestoreEmulatorHelper.java:244)
	at com.google.cloud.datastore.emulator.impl.firestore.CloudFirestoreV1.getDocument(CloudFirestoreV1.java:331)
	at com.google.cloud.datastore.emulator.impl.firestore.CloudFirestoreV1Router.getDocument(CloudFirestoreV1Router.java:129)
	at com.google.cloud.datastore.emulator.impl.firestore.CloudFirestoreV1Router.getOrListDocuments(CloudFirestoreV1Router.java:123)
	at com.google.cloud.datastore.emulator.firestore.v1.FirestoreV1GrpcAdapter$1.lambda$getOrListDocuments$0(FirestoreV1GrpcAdapter.java:108)
	at com.google.cloud.datastore.emulator.firestore.v1.FirestoreV1GrpcAdapter.unary(FirestoreV1GrpcAdapter.java:72)
	at com.google.cloud.datastore.emulator.firestore.v1.FirestoreV1GrpcAdapter$1.getOrListDocuments(FirestoreV1GrpcAdapter.java:108)
	at com.google.firestore.v1.FirestoreGrpc$MethodHandlers.invoke(FirestoreGrpc.java:1206)
	at io.grpc.stub.ServerCalls$UnaryServerCallHandler$UnaryServerCallListener.onHalfClose(ServerCalls.java:182)
	at io.grpc.PartialForwardingServerCallListener.onHalfClose(PartialForwardingServerCallListener.java:35)
	at io.grpc.ForwardingServerCallListener.onHalfClose(ForwardingServerCallListener.java:23)
	at io.grpc.ForwardingServerCallListener$SimpleForwardingServerCallListener.onHalfClose(ForwardingServerCallListener.java:40)
	at io.grpc.Contexts$ContextualizedServerCallListener.onHalfClose(Contexts.java:86)
	at io.grpc.PartialForwardingServerCallListener.onHalfClose(PartialForwardingServerCallListener.java:35)
	at io.grpc.ForwardingServerCallListener.onHalfClose(ForwardingServerCallListener.java:23)
	at io.grpc.ForwardingServerCallListener$SimpleForwardingServerCallListener.onHalfClose(ForwardingServerCallListener.java:40)
	at io.grpc.Contexts$ContextualizedServerCallListener.onHalfClose(Contexts.java:86)
	at io.grpc.internal.ServerCallImpl$ServerStreamListenerImpl.halfClosed(ServerCallImpl.java:356)
	at io.grpc.internal.ServerImpl$JumpToApplicationThreadServerStreamListener$1HalfClosed.runInContext(ServerImpl.java:861)
	at io.grpc.internal.ContextRunnable.run(ContextRunnable.java:37)
	at io.grpc.internal.SerializingExecutor.run(SerializingExecutor.java:133)
	at java.base/java.util.concurrent.ThreadPoolExecutor.runWorker(ThreadPoolExecutor.java:1128)
	at java.base/java.util.concurrent.ThreadPoolExecutor$Worker.run(ThreadPoolExecutor.java:628)
	at java.base/java.lang.Thread.run(Thread.java:834)

Oct 07, 2026 10:41:58 AM io.gapi.emulators.netty.HttpHandler$1 onError
INFO: Exception when handling request: PERMISSION_DENIED: 
false for 'get' @ L190, false for 'get' @ L235
Oct 07, 2026 10:41:58 AM com.google.cloud.datastore.emulator.impl.util.WrappedStreamObserver onError
WARNING: Operation failed: 
evaluation error at L165:27 for 'get' @ L165, false for 'get' @ L235, false for 'get' @ L165, false for 'get' @ L235
com.google.cloud.datastore.core.exception.DatastoreException: 
evaluation error at L165:27 for 'get' @ L165, false for 'get' @ L235, false for 'get' @ L165, false for 'get' @ L235
	at com.google.cloud.datastore.core.exception.DatastoreException$Builder.build(DatastoreException.java:121)
	at com.google.cloud.datastore.emulator.impl.rules.DefaultEmulatorRulesAuthorizer.verboseError(DefaultEmulatorRulesAuthorizer.java:318)
	at com.google.cloud.datastore.emulator.impl.rules.DefaultEmulatorRulesAuthorizer.withVerboseErrors(DefaultEmulatorRulesAuthorizer.java:295)
	at com.google.cloud.datastore.emulator.impl.rules.DefaultEmulatorRulesAuthorizer.checkLookup(DefaultEmulatorRulesAuthorizer.java:153)
	at com.google.cloud.datastore.emulator.impl.firestore.FirestoreEmulatorHelper.snapshotRead(FirestoreEmulatorHelper.java:286)
	at com.google.cloud.datastore.emulator.impl.firestore.FirestoreEmulatorHelper.lambda$read$0(FirestoreEmulatorHelper.java:245)
	at com.google.cloud.datastore.emulator.impl.transactions.EmulatorTransactionManager$ReadOnlyTransaction.fold(EmulatorTransactionManager.java:461)
	at com.google.cloud.datastore.emulator.impl.firestore.FirestoreEmulatorHelper.read(FirestoreEmulatorHelper.java:244)
	at com.google.cloud.datastore.emulator.impl.firestore.CloudFirestoreV1.getDocument(CloudFirestoreV1.java:331)
	at com.google.cloud.datastore.emulator.impl.firestore.CloudFirestoreV1Router.getDocument(CloudFirestoreV1Router.java:129)
	at com.google.cloud.datastore.emulator.impl.firestore.CloudFirestoreV1Router.getOrListDocuments(CloudFirestoreV1Router.java:123)
	at com.google.cloud.datastore.emulator.firestore.v1.FirestoreV1GrpcAdapter$1.lambda$getOrListDocuments$0(FirestoreV1GrpcAdapter.java:108)
	at com.google.cloud.datastore.emulator.firestore.v1.FirestoreV1GrpcAdapter.unary(FirestoreV1GrpcAdapter.java:72)
	at com.google.cloud.datastore.emulator.firestore.v1.FirestoreV1GrpcAdapter$1.getOrListDocuments(FirestoreV1GrpcAdapter.java:108)
	at com.google.firestore.v1.FirestoreGrpc$MethodHandlers.invoke(FirestoreGrpc.java:1206)
	at io.grpc.stub.ServerCalls$UnaryServerCallHandler$UnaryServerCallListener.onHalfClose(ServerCalls.java:182)
	at io.grpc.PartialForwardingServerCallListener.onHalfClose(PartialForwardingServerCallListener.java:35)
	at io.grpc.ForwardingServerCallListener.onHalfClose(ForwardingServerCallListener.java:23)
	at io.grpc.ForwardingServerCallListener$SimpleForwardingServerCallListener.onHalfClose(ForwardingServerCallListener.java:40)
	at io.grpc.Contexts$ContextualizedServerCallListener.onHalfClose(Contexts.java:86)
	at io.grpc.PartialForwardingServerCallListener.onHalfClose(PartialForwardingServerCallListener.java:35)
	at io.grpc.ForwardingServerCallListener.onHalfClose(ForwardingServerCallListener.java:23)
	at io.grpc.ForwardingServerCallListener$SimpleForwardingServerCallListener.onHalfClose(ForwardingServerCallListener.java:40)
	at io.grpc.Contexts$ContextualizedServerCallListener.onHalfClose(Contexts.java:86)
	at io.grpc.internal.ServerCallImpl$ServerStreamListenerImpl.halfClosed(ServerCallImpl.java:356)
	at io.grpc.internal.ServerImpl$JumpToApplicationThreadServerStreamListener$1HalfClosed.runInContext(ServerImpl.java:861)
	at io.grpc.internal.ContextRunnable.run(ContextRunnable.java:37)
	at io.grpc.internal.SerializingExecutor.run(SerializingExecutor.java:133)
	at java.base/java.util.concurrent.ThreadPoolExecutor.runWorker(ThreadPoolExecutor.java:1128)
	at java.base/java.util.concurrent.ThreadPoolExecutor$Worker.run(ThreadPoolExecutor.java:628)
	at java.base/java.lang.Thread.run(Thread.java:834)

Oct 07, 2026 10:41:58 AM io.gapi.emulators.netty.HttpHandler$1 onError
INFO: Exception when handling request: PERMISSION_DENIED: 
evaluation error at L165:27 for 'get' @ L165, false for 'get' @ L235, false for 'get' @ L165, false for 'get' @ L235
Oct 07, 2026 10:41:58 AM com.google.cloud.datastore.emulator.impl.util.WrappedStreamObserver onError
WARNING: Operation failed: 
false for 'get' @ L177, false for 'get' @ L235
com.google.cloud.datastore.core.exception.DatastoreException: 
false for 'get' @ L177, false for 'get' @ L235
	at com.google.cloud.datastore.core.exception.DatastoreException$Builder.build(DatastoreException.java:121)
	at com.google.cloud.datastore.emulator.impl.rules.DefaultEmulatorRulesAuthorizer.verboseError(DefaultEmulatorRulesAuthorizer.java:318)
	at com.google.cloud.datastore.emulator.impl.rules.DefaultEmulatorRulesAuthorizer.withVerboseErrors(DefaultEmulatorRulesAuthorizer.java:295)
	at com.google.cloud.datastore.emulator.impl.rules.DefaultEmulatorRulesAuthorizer.checkLookup(DefaultEmulatorRulesAuthorizer.java:153)
	at com.google.cloud.datastore.emulator.impl.firestore.FirestoreEmulatorHelper.snapshotRead(FirestoreEmulatorHelper.java:286)
	at com.google.cloud.datastore.emulator.impl.firestore.FirestoreEmulatorHelper.lambda$read$0(FirestoreEmulatorHelper.java:245)
	at com.google.cloud.datastore.emulator.impl.transactions.EmulatorTransactionManager$ReadOnlyTransaction.fold(EmulatorTransactionManager.java:461)
	at com.google.cloud.datastore.emulator.impl.firestore.FirestoreEmulatorHelper.read(FirestoreEmulatorHelper.java:244)
	at com.google.cloud.datastore.emulator.impl.firestore.CloudFirestoreV1.getDocument(CloudFirestoreV1.java:331)
	at com.google.cloud.datastore.emulator.impl.firestore.CloudFirestoreV1Router.getDocument(CloudFirestoreV1Router.java:129)
	at com.google.cloud.datastore.emulator.impl.firestore.CloudFirestoreV1Router.getOrListDocuments(CloudFirestoreV1Router.java:123)
	at com.google.cloud.datastore.emulator.firestore.v1.FirestoreV1GrpcAdapter$1.lambda$getOrListDocuments$0(FirestoreV1GrpcAdapter.java:108)
	at com.google.cloud.datastore.emulator.firestore.v1.FirestoreV1GrpcAdapter.unary(FirestoreV1GrpcAdapter.java:72)
	at com.google.cloud.datastore.emulator.firestore.v1.FirestoreV1GrpcAdapter$1.getOrListDocuments(FirestoreV1GrpcAdapter.java:108)
	at com.google.firestore.v1.FirestoreGrpc$MethodHandlers.invoke(FirestoreGrpc.java:1206)
	at io.grpc.stub.ServerCalls$UnaryServerCallHandler$UnaryServerCallListener.onHalfClose(ServerCalls.java:182)
	at io.grpc.PartialForwardingServerCallListener.onHalfClose(PartialForwardingServerCallListener.java:35)
	at io.grpc.ForwardingServerCallListener.onHalfClose(ForwardingServerCallListener.java:23)
	at io.grpc.ForwardingServerCallListener$SimpleForwardingServerCallListener.onHalfClose(ForwardingServerCallListener.java:40)
	at io.grpc.Contexts$ContextualizedServerCallListener.onHalfClose(Contexts.java:86)
	at io.grpc.PartialForwardingServerCallListener.onHalfClose(PartialForwardingServerCallListener.java:35)
	at io.grpc.ForwardingServerCallListener.onHalfClose(ForwardingServerCallListener.java:23)
	at io.grpc.ForwardingServerCallListener$SimpleForwardingServerCallListener.onHalfClose(ForwardingServerCallListener.java:40)
	at io.grpc.Contexts$ContextualizedServerCallListener.onHalfClose(Contexts.java:86)
	at io.grpc.internal.ServerCallImpl$ServerStreamListenerImpl.halfClosed(ServerCallImpl.java:356)
	at io.grpc.internal.ServerImpl$JumpToApplicationThreadServerStreamListener$1HalfClosed.runInContext(ServerImpl.java:861)
	at io.grpc.internal.ContextRunnable.run(ContextRunnable.java:37)
	at io.grpc.internal.SerializingExecutor.run(SerializingExecutor.java:133)
	at java.base/java.util.concurrent.ThreadPoolExecutor.runWorker(ThreadPoolExecutor.java:1128)
	at java.base/java.util.concurrent.ThreadPoolExecutor$Worker.run(ThreadPoolExecutor.java:628)
	at java.base/java.lang.Thread.run(Thread.java:834)

Oct 07, 2026 10:41:58 AM io.gapi.emulators.netty.HttpHandler$1 onError
INFO: Exception when handling request: PERMISSION_DENIED: 
false for 'get' @ L177, false for 'get' @ L235
Oct 07, 2026 10:41:58 AM com.google.cloud.datastore.emulator.impl.util.WrappedStreamObserver onError
WARNING: Operation failed: 
false for 'create' @ L166, false for 'create' @ L235, false for 'update' @ L166, false for 'update' @ L235
com.google.cloud.datastore.core.exception.DatastoreException: 
false for 'create' @ L166, false for 'create' @ L235, false for 'update' @ L166, false for 'update' @ L235
	at com.google.cloud.datastore.core.exception.DatastoreException$Builder.build(DatastoreException.java:121)
	at com.google.cloud.datastore.emulator.impl.rules.DefaultEmulatorRulesAuthorizer.verboseError(DefaultEmulatorRulesAuthorizer.java:318)
	at com.google.cloud.datastore.emulator.impl.rules.DefaultEmulatorRulesAuthorizer.withVerboseErrors(DefaultEmulatorRulesAuthorizer.java:295)
	at com.google.cloud.datastore.emulator.impl.rules.DefaultEmulatorRulesAuthorizer.checkCommit(DefaultEmulatorRulesAuthorizer.java:114)
	at com.google.cloud.datastore.emulator.impl.firestore.FirestoreEmulatorHelper.commitHelper(FirestoreEmulatorHelper.java:360)
	at com.google.cloud.datastore.emulator.impl.firestore.FirestoreEmulatorHelper.internalCommit(FirestoreEmulatorHelper.java:314)
	at com.google.cloud.datastore.emulator.impl.firestore.CloudFirestoreV1.internalCommit(CloudFirestoreV1.java:1077)
	at com.google.cloud.datastore.emulator.impl.firestore.CloudFirestoreV1.updateDocument(CloudFirestoreV1.java:458)
	at com.google.cloud.datastore.emulator.impl.firestore.CloudFirestoreV1Router.updateDocument(CloudFirestoreV1Router.java:149)
	at com.google.cloud.datastore.emulator.firestore.v1.FirestoreV1GrpcAdapter$1.lambda$updateDocument$4(FirestoreV1GrpcAdapter.java:132)
	at com.google.cloud.datastore.emulator.firestore.v1.FirestoreV1GrpcAdapter.unary(FirestoreV1GrpcAdapter.java:72)
	at com.google.cloud.datastore.emulator.firestore.v1.FirestoreV1GrpcAdapter$1.updateDocument(FirestoreV1GrpcAdapter.java:132)
	at com.google.firestore.v1.FirestoreGrpc$MethodHandlers.invoke(FirestoreGrpc.java:1218)
	at io.grpc.stub.ServerCalls$UnaryServerCallHandler$UnaryServerCallListener.onHalfClose(ServerCalls.java:182)
	at io.grpc.PartialForwardingServerCallListener.onHalfClose(PartialForwardingServerCallListener.java:35)
	at io.grpc.ForwardingServerCallListener.onHalfClose(ForwardingServerCallListener.java:23)
	at io.grpc.ForwardingServerCallListener$SimpleForwardingServerCallListener.onHalfClose(ForwardingServerCallListener.java:40)
	at io.grpc.Contexts$ContextualizedServerCallListener.onHalfClose(Contexts.java:86)
	at io.grpc.PartialForwardingServerCallListener.onHalfClose(PartialForwardingServerCallListener.java:35)
	at io.grpc.ForwardingServerCallListener.onHalfClose(ForwardingServerCallListener.java:23)
	at io.grpc.ForwardingServerCallListener$SimpleForwardingServerCallListener.onHalfClose(ForwardingServerCallListener.java:40)
	at io.grpc.Contexts$ContextualizedServerCallListener.onHalfClose(Contexts.java:86)
	at io.grpc.internal.ServerCallImpl$ServerStreamListenerImpl.halfClosed(ServerCallImpl.java:356)
	at io.grpc.internal.ServerImpl$JumpToApplicationThreadServerStreamListener$1HalfClosed.runInContext(ServerImpl.java:861)
	at io.grpc.internal.ContextRunnable.run(ContextRunnable.java:37)
	at io.grpc.internal.SerializingExecutor.run(SerializingExecutor.java:133)
	at java.base/java.util.concurrent.ThreadPoolExecutor.runWorker(ThreadPoolExecutor.java:1128)
	at java.base/java.util.concurrent.ThreadPoolExecutor$Worker.run(ThreadPoolExecutor.java:628)
	at java.base/java.lang.Thread.run(Thread.java:834)

Oct 07, 2026 10:41:58 AM io.gapi.emulators.netty.HttpHandler$1 onError
INFO: Exception when handling request: PERMISSION_DENIED: 
false for 'create' @ L166, false for 'create' @ L235, false for 'update' @ L166, false for 'update' @ L235
Oct 07, 2026 10:41:58 AM com.google.cloud.datastore.emulator.impl.util.WrappedStreamObserver onError
WARNING: Operation failed: 
false for 'create' @ L184, false for 'create' @ L235, evaluation error at L180:26 for 'update' @ L180, false for 'update' @ L235, false for 'update' @ L180, false for 'update' @ L235
com.google.cloud.datastore.core.exception.DatastoreException: 
false for 'create' @ L184, false for 'create' @ L235, evaluation error at L180:26 for 'update' @ L180, false for 'update' @ L235, false for 'update' @ L180, false for 'update' @ L235
	at com.google.cloud.datastore.core.exception.DatastoreException$Builder.build(DatastoreException.java:121)
	at com.google.cloud.datastore.emulator.impl.rules.DefaultEmulatorRulesAuthorizer.verboseError(DefaultEmulatorRulesAuthorizer.java:318)
	at com.google.cloud.datastore.emulator.impl.rules.DefaultEmulatorRulesAuthorizer.withVerboseErrors(DefaultEmulatorRulesAuthorizer.java:295)
	at com.google.cloud.datastore.emulator.impl.rules.DefaultEmulatorRulesAuthorizer.checkCommit(DefaultEmulatorRulesAuthorizer.java:114)
	at com.google.cloud.datastore.emulator.impl.firestore.FirestoreEmulatorHelper.commitHelper(FirestoreEmulatorHelper.java:360)
	at com.google.cloud.datastore.emulator.impl.firestore.FirestoreEmulatorHelper.internalCommit(FirestoreEmulatorHelper.java:314)
	at com.google.cloud.datastore.emulator.impl.firestore.CloudFirestoreV1.internalCommit(CloudFirestoreV1.java:1077)
	at com.google.cloud.datastore.emulator.impl.firestore.CloudFirestoreV1.updateDocument(CloudFirestoreV1.java:458)
	at com.google.cloud.datastore.emulator.impl.firestore.CloudFirestoreV1Router.updateDocument(CloudFirestoreV1Router.java:149)
	at com.google.cloud.datastore.emulator.firestore.v1.FirestoreV1GrpcAdapter$1.lambda$updateDocument$4(FirestoreV1GrpcAdapter.java:132)
	at com.google.cloud.datastore.emulator.firestore.v1.FirestoreV1GrpcAdapter.unary(FirestoreV1GrpcAdapter.java:72)
	at com.google.cloud.datastore.emulator.firestore.v1.FirestoreV1GrpcAdapter$1.updateDocument(FirestoreV1GrpcAdapter.java:132)
	at com.google.firestore.v1.FirestoreGrpc$MethodHandlers.invoke(FirestoreGrpc.java:1218)
	at io.grpc.stub.ServerCalls$UnaryServerCallHandler$UnaryServerCallListener.onHalfClose(ServerCalls.java:182)
	at io.grpc.PartialForwardingServerCallListener.onHalfClose(PartialForwardingServerCallListener.java:35)
	at io.grpc.ForwardingServerCallListener.onHalfClose(ForwardingServerCallListener.java:23)
	at io.grpc.ForwardingServerCallListener$SimpleForwardingServerCallListener.onHalfClose(ForwardingServerCallListener.java:40)
	at io.grpc.Contexts$ContextualizedServerCallListener.onHalfClose(Contexts.java:86)
	at io.grpc.PartialForwardingServerCallListener.onHalfClose(PartialForwardingServerCallListener.java:35)
	at io.grpc.ForwardingServerCallListener.onHalfClose(ForwardingServerCallListener.java:23)
	at io.grpc.ForwardingServerCallListener$SimpleForwardingServerCallListener.onHalfClose(ForwardingServerCallListener.java:40)
	at io.grpc.Contexts$ContextualizedServerCallListener.onHalfClose(Contexts.java:86)
	at io.grpc.internal.ServerCallImpl$ServerStreamListenerImpl.halfClosed(ServerCallImpl.java:356)
	at io.grpc.internal.ServerImpl$JumpToApplicationThreadServerStreamListener$1HalfClosed.runInContext(ServerImpl.java:861)
	at io.grpc.internal.ContextRunnable.run(ContextRunnable.java:37)
	at io.grpc.internal.SerializingExecutor.run(SerializingExecutor.java:133)
	at java.base/java.util.concurrent.ThreadPoolExecutor.runWorker(ThreadPoolExecutor.java:1128)
	at java.base/java.util.concurrent.ThreadPoolExecutor$Worker.run(ThreadPoolExecutor.java:628)
	at java.base/java.lang.Thread.run(Thread.java:834)

Oct 07, 2026 10:41:58 AM io.gapi.emulators.netty.HttpHandler$1 onError
INFO: Exception when handling request: PERMISSION_DENIED: 
false for 'create' @ L184, false for 'create' @ L235, evaluation error at L180:26 for 'update' @ L180, false for 'update' @ L235, false for 'update' @ L180, false for 'update' @ L235
Oct 07, 2026 10:42:12 AM io.gapi.emulators.netty.HttpVersionRoutingHandler channelRead
INFO: Detected non-HTTP/2 connection.
Oct 07, 2026 10:42:12 AM io.gapi.emulators.netty.HttpVersionRoutingHandler channelRead
INFO: Detected non-HTTP/2 connection.
Oct 07, 2026 10:42:12 AM com.google.cloud.datastore.emulator.impl.util.WrappedStreamObserver onError
WARNING: Operation failed: 
false for 'create' @ L82, false for 'create' @ L235, evaluation error at L88:24 for 'update' @ L88, false for 'update' @ L235, false for 'update' @ L88, false for 'update' @ L235
com.google.cloud.datastore.core.exception.DatastoreException: 
false for 'create' @ L82, false for 'create' @ L235, evaluation error at L88:24 for 'update' @ L88, false for 'update' @ L235, false for 'update' @ L88, false for 'update' @ L235
	at com.google.cloud.datastore.core.exception.DatastoreException$Builder.build(DatastoreException.java:121)
	at com.google.cloud.datastore.emulator.impl.rules.DefaultEmulatorRulesAuthorizer.verboseError(DefaultEmulatorRulesAuthorizer.java:318)
	at com.google.cloud.datastore.emulator.impl.rules.DefaultEmulatorRulesAuthorizer.withVerboseErrors(DefaultEmulatorRulesAuthorizer.java:295)
	at com.google.cloud.datastore.emulator.impl.rules.DefaultEmulatorRulesAuthorizer.checkCommit(DefaultEmulatorRulesAuthorizer.java:114)
	at com.google.cloud.datastore.emulator.impl.firestore.FirestoreEmulatorHelper.commitHelper(FirestoreEmulatorHelper.java:360)
	at com.google.cloud.datastore.emulator.impl.firestore.FirestoreEmulatorHelper.internalCommit(FirestoreEmulatorHelper.java:314)
	at com.google.cloud.datastore.emulator.impl.firestore.CloudFirestoreV1.internalCommit(CloudFirestoreV1.java:1077)
	at com.google.cloud.datastore.emulator.impl.firestore.CloudFirestoreV1.updateDocument(CloudFirestoreV1.java:458)
	at com.google.cloud.datastore.emulator.impl.firestore.CloudFirestoreV1Router.updateDocument(CloudFirestoreV1Router.java:149)
	at com.google.cloud.datastore.emulator.firestore.v1.FirestoreV1GrpcAdapter$1.lambda$updateDocument$4(FirestoreV1GrpcAdapter.java:132)
	at com.google.cloud.datastore.emulator.firestore.v1.FirestoreV1GrpcAdapter.unary(FirestoreV1GrpcAdapter.java:72)
	at com.google.cloud.datastore.emulator.firestore.v1.FirestoreV1GrpcAdapter$1.updateDocument(FirestoreV1GrpcAdapter.java:132)
	at com.google.firestore.v1.FirestoreGrpc$MethodHandlers.invoke(FirestoreGrpc.java:1218)
	at io.grpc.stub.ServerCalls$UnaryServerCallHandler$UnaryServerCallListener.onHalfClose(ServerCalls.java:182)
	at io.grpc.PartialForwardingServerCallListener.onHalfClose(PartialForwardingServerCallListener.java:35)
	at io.grpc.ForwardingServerCallListener.onHalfClose(ForwardingServerCallListener.java:23)
	at io.grpc.ForwardingServerCallListener$SimpleForwardingServerCallListener.onHalfClose(ForwardingServerCallListener.java:40)
	at io.grpc.Contexts$ContextualizedServerCallListener.onHalfClose(Contexts.java:86)
	at io.grpc.PartialForwardingServerCallListener.onHalfClose(PartialForwardingServerCallListener.java:35)
	at io.grpc.ForwardingServerCallListener.onHalfClose(ForwardingServerCallListener.java:23)
	at io.grpc.ForwardingServerCallListener$SimpleForwardingServerCallListener.onHalfClose(ForwardingServerCallListener.java:40)
	at io.grpc.Contexts$ContextualizedServerCallListener.onHalfClose(Contexts.java:86)
	at io.grpc.internal.ServerCallImpl$ServerStreamListenerImpl.halfClosed(ServerCallImpl.java:356)
	at io.grpc.internal.ServerImpl$JumpToApplicationThreadServerStreamListener$1HalfClosed.runInContext(ServerImpl.java:861)
	at io.grpc.internal.ContextRunnable.run(ContextRunnable.java:37)
	at io.grpc.internal.SerializingExecutor.run(SerializingExecutor.java:133)
	at java.base/java.util.concurrent.ThreadPoolExecutor.runWorker(ThreadPoolExecutor.java:1128)
	at java.base/java.util.concurrent.ThreadPoolExecutor$Worker.run(ThreadPoolExecutor.java:628)
	at java.base/java.lang.Thread.run(Thread.java:834)

Oct 07, 2026 10:42:12 AM io.gapi.emulators.netty.HttpHandler$1 onError
INFO: Exception when handling request: PERMISSION_DENIED: 
false for 'create' @ L82, false for 'create' @ L235, evaluation error at L88:24 for 'update' @ L88, false for 'update' @ L235, false for 'update' @ L88, false for 'update' @ L235
Oct 07, 2026 10:42:12 AM com.google.cloud.datastore.emulator.impl.util.WrappedStreamObserver onError
WARNING: Operation failed: 
false for 'get' @ L177, false for 'get' @ L235
com.google.cloud.datastore.core.exception.DatastoreException: 
false for 'get' @ L177, false for 'get' @ L235
	at com.google.cloud.datastore.core.exception.DatastoreException$Builder.build(DatastoreException.java:121)
	at com.google.cloud.datastore.emulator.impl.rules.DefaultEmulatorRulesAuthorizer.verboseError(DefaultEmulatorRulesAuthorizer.java:318)
	at com.google.cloud.datastore.emulator.impl.rules.DefaultEmulatorRulesAuthorizer.withVerboseErrors(DefaultEmulatorRulesAuthorizer.java:295)
	at com.google.cloud.datastore.emulator.impl.rules.DefaultEmulatorRulesAuthorizer.checkLookup(DefaultEmulatorRulesAuthorizer.java:153)
	at com.google.cloud.datastore.emulator.impl.firestore.FirestoreEmulatorHelper.snapshotRead(FirestoreEmulatorHelper.java:286)
	at com.google.cloud.datastore.emulator.impl.firestore.FirestoreEmulatorHelper.lambda$read$0(FirestoreEmulatorHelper.java:245)
	at com.google.cloud.datastore.emulator.impl.transactions.EmulatorTransactionManager$ReadOnlyTransaction.fold(EmulatorTransactionManager.java:461)
	at com.google.cloud.datastore.emulator.impl.firestore.FirestoreEmulatorHelper.read(FirestoreEmulatorHelper.java:244)
	at com.google.cloud.datastore.emulator.impl.firestore.CloudFirestoreV1.getDocument(CloudFirestoreV1.java:331)
	at com.google.cloud.datastore.emulator.impl.firestore.CloudFirestoreV1Router.getDocument(CloudFirestoreV1Router.java:129)
	at com.google.cloud.datastore.emulator.impl.firestore.CloudFirestoreV1Router.getOrListDocuments(CloudFirestoreV1Router.java:123)
	at com.google.cloud.datastore.emulator.firestore.v1.FirestoreV1GrpcAdapter$1.lambda$getOrListDocuments$0(FirestoreV1GrpcAdapter.java:108)
	at com.google.cloud.datastore.emulator.firestore.v1.FirestoreV1GrpcAdapter.unary(FirestoreV1GrpcAdapter.java:72)
	at com.google.cloud.datastore.emulator.firestore.v1.FirestoreV1GrpcAdapter$1.getOrListDocuments(FirestoreV1GrpcAdapter.java:108)
	at com.google.firestore.v1.FirestoreGrpc$MethodHandlers.invoke(FirestoreGrpc.java:1206)
	at io.grpc.stub.ServerCalls$UnaryServerCallHandler$UnaryServerCallListener.onHalfClose(ServerCalls.java:182)
	at io.grpc.PartialForwardingServerCallListener.onHalfClose(PartialForwardingServerCallListener.java:35)
	at io.grpc.ForwardingServerCallListener.onHalfClose(ForwardingServerCallListener.java:23)
	at io.grpc.ForwardingServerCallListener$SimpleForwardingServerCallListener.onHalfClose(ForwardingServerCallListener.java:40)
	at io.grpc.Contexts$ContextualizedServerCallListener.onHalfClose(Contexts.java:86)
	at io.grpc.PartialForwardingServerCallListener.onHalfClose(PartialForwardingServerCallListener.java:35)
	at io.grpc.ForwardingServerCallListener.onHalfClose(ForwardingServerCallListener.java:23)
	at io.grpc.ForwardingServerCallListener$SimpleForwardingServerCallListener.onHalfClose(ForwardingServerCallListener.java:40)
	at io.grpc.Contexts$ContextualizedServerCallListener.onHalfClose(Contexts.java:86)
	at io.grpc.internal.ServerCallImpl$ServerStreamListenerImpl.halfClosed(ServerCallImpl.java:356)
	at io.grpc.internal.ServerImpl$JumpToApplicationThreadServerStreamListener$1HalfClosed.runInContext(ServerImpl.java:861)
	at io.grpc.internal.ContextRunnable.run(ContextRunnable.java:37)
	at io.grpc.internal.SerializingExecutor.run(SerializingExecutor.java:133)
	at java.base/java.util.concurrent.ThreadPoolExecutor.runWorker(ThreadPoolExecutor.java:1128)
	at java.base/java.util.concurrent.ThreadPoolExecutor$Worker.run(ThreadPoolExecutor.java:628)
	at java.base/java.lang.Thread.run(Thread.java:834)

Oct 07, 2026 10:42:12 AM io.gapi.emulators.netty.HttpHandler$1 onError
INFO: Exception when handling request: PERMISSION_DENIED: 
false for 'get' @ L177, false for 'get' @ L235
Oct 07, 2026 10:42:13 AM com.google.cloud.datastore.emulator.impl.util.WrappedStreamObserver onError
WARNING: Operation failed: 
false for 'get' @ L190, false for 'get' @ L235
com.google.cloud.datastore.core.exception.DatastoreException: 
false for 'get' @ L190, false for 'get' @ L235
	at com.google.cloud.datastore.core.exception.DatastoreException$Builder.build(DatastoreException.java:121)
	at com.google.cloud.datastore.emulator.impl.rules.DefaultEmulatorRulesAuthorizer.verboseError(DefaultEmulatorRulesAuthorizer.java:318)
	at com.google.cloud.datastore.emulator.impl.rules.DefaultEmulatorRulesAuthorizer.withVerboseErrors(DefaultEmulatorRulesAuthorizer.java:295)
	at com.google.cloud.datastore.emulator.impl.rules.DefaultEmulatorRulesAuthorizer.checkLookup(DefaultEmulatorRulesAuthorizer.java:153)
	at com.google.cloud.datastore.emulator.impl.firestore.FirestoreEmulatorHelper.snapshotRead(FirestoreEmulatorHelper.java:286)
	at com.google.cloud.datastore.emulator.impl.firestore.FirestoreEmulatorHelper.lambda$read$0(FirestoreEmulatorHelper.java:245)
	at com.google.cloud.datastore.emulator.impl.transactions.EmulatorTransactionManager$ReadOnlyTransaction.fold(EmulatorTransactionManager.java:461)
	at com.google.cloud.datastore.emulator.impl.firestore.FirestoreEmulatorHelper.read(FirestoreEmulatorHelper.java:244)
	at com.google.cloud.datastore.emulator.impl.firestore.CloudFirestoreV1.getDocument(CloudFirestoreV1.java:331)
	at com.google.cloud.datastore.emulator.impl.firestore.CloudFirestoreV1Router.getDocument(CloudFirestoreV1Router.java:129)
	at com.google.cloud.datastore.emulator.impl.firestore.CloudFirestoreV1Router.getOrListDocuments(CloudFirestoreV1Router.java:123)
	at com.google.cloud.datastore.emulator.firestore.v1.FirestoreV1GrpcAdapter$1.lambda$getOrListDocuments$0(FirestoreV1GrpcAdapter.java:108)
	at com.google.cloud.datastore.emulator.firestore.v1.FirestoreV1GrpcAdapter.unary(FirestoreV1GrpcAdapter.java:72)
	at com.google.cloud.datastore.emulator.firestore.v1.FirestoreV1GrpcAdapter$1.getOrListDocuments(FirestoreV1GrpcAdapter.java:108)
	at com.google.firestore.v1.FirestoreGrpc$MethodHandlers.invoke(FirestoreGrpc.java:1206)
	at io.grpc.stub.ServerCalls$UnaryServerCallHandler$UnaryServerCallListener.onHalfClose(ServerCalls.java:182)
	at io.grpc.PartialForwardingServerCallListener.onHalfClose(PartialForwardingServerCallListener.java:35)
	at io.grpc.ForwardingServerCallListener.onHalfClose(ForwardingServerCallListener.java:23)
	at io.grpc.ForwardingServerCallListener$SimpleForwardingServerCallListener.onHalfClose(ForwardingServerCallListener.java:40)
	at io.grpc.Contexts$ContextualizedServerCallListener.onHalfClose(Contexts.java:86)
	at io.grpc.PartialForwardingServerCallListener.onHalfClose(PartialForwardingServerCallListener.java:35)
	at io.grpc.ForwardingServerCallListener.onHalfClose(ForwardingServerCallListener.java:23)
	at io.grpc.ForwardingServerCallListener$SimpleForwardingServerCallListener.onHalfClose(ForwardingServerCallListener.java:40)
	at io.grpc.Contexts$ContextualizedServerCallListener.onHalfClose(Contexts.java:86)
	at io.grpc.internal.ServerCallImpl$ServerStreamListenerImpl.halfClosed(ServerCallImpl.java:356)
	at io.grpc.internal.ServerImpl$JumpToApplicationThreadServerStreamListener$1HalfClosed.runInContext(ServerImpl.java:861)
	at io.grpc.internal.ContextRunnable.run(ContextRunnable.java:37)
	at io.grpc.internal.SerializingExecutor.run(SerializingExecutor.java:133)
	at java.base/java.util.concurrent.ThreadPoolExecutor.runWorker(ThreadPoolExecutor.java:1128)
	at java.base/java.util.concurrent.ThreadPoolExecutor$Worker.run(ThreadPoolExecutor.java:628)
	at java.base/java.lang.Thread.run(Thread.java:834)

Oct 07, 2026 10:42:13 AM io.gapi.emulators.netty.HttpHandler$1 onError
INFO: Exception when handling request: PERMISSION_DENIED: 
false for 'get' @ L190, false for 'get' @ L235
Oct 07, 2026 10:42:13 AM com.google.cloud.datastore.emulator.impl.util.WrappedStreamObserver onError
WARNING: Operation failed: 
evaluation error at L165:27 for 'get' @ L165, false for 'get' @ L235, false for 'get' @ L165, false for 'get' @ L235
com.google.cloud.datastore.core.exception.DatastoreException: 
evaluation error at L165:27 for 'get' @ L165, false for 'get' @ L235, false for 'get' @ L165, false for 'get' @ L235
	at com.google.cloud.datastore.core.exception.DatastoreException$Builder.build(DatastoreException.java:121)
	at com.google.cloud.datastore.emulator.impl.rules.DefaultEmulatorRulesAuthorizer.verboseError(DefaultEmulatorRulesAuthorizer.java:318)
	at com.google.cloud.datastore.emulator.impl.rules.DefaultEmulatorRulesAuthorizer.withVerboseErrors(DefaultEmulatorRulesAuthorizer.java:295)
	at com.google.cloud.datastore.emulator.impl.rules.DefaultEmulatorRulesAuthorizer.checkLookup(DefaultEmulatorRulesAuthorizer.java:153)
	at com.google.cloud.datastore.emulator.impl.firestore.FirestoreEmulatorHelper.snapshotRead(FirestoreEmulatorHelper.java:286)
	at com.google.cloud.datastore.emulator.impl.firestore.FirestoreEmulatorHelper.lambda$read$0(FirestoreEmulatorHelper.java:245)
	at com.google.cloud.datastore.emulator.impl.transactions.EmulatorTransactionManager$ReadOnlyTransaction.fold(EmulatorTransactionManager.java:461)
	at com.google.cloud.datastore.emulator.impl.firestore.FirestoreEmulatorHelper.read(FirestoreEmulatorHelper.java:244)
	at com.google.cloud.datastore.emulator.impl.firestore.CloudFirestoreV1.getDocument(CloudFirestoreV1.java:331)
	at com.google.cloud.datastore.emulator.impl.firestore.CloudFirestoreV1Router.getDocument(CloudFirestoreV1Router.java:129)
	at com.google.cloud.datastore.emulator.impl.firestore.CloudFirestoreV1Router.getOrListDocuments(CloudFirestoreV1Router.java:123)
	at com.google.cloud.datastore.emulator.firestore.v1.FirestoreV1GrpcAdapter$1.lambda$getOrListDocuments$0(FirestoreV1GrpcAdapter.java:108)
	at com.google.cloud.datastore.emulator.firestore.v1.FirestoreV1GrpcAdapter.unary(FirestoreV1GrpcAdapter.java:72)
	at com.google.cloud.datastore.emulator.firestore.v1.FirestoreV1GrpcAdapter$1.getOrListDocuments(FirestoreV1GrpcAdapter.java:108)
	at com.google.firestore.v1.FirestoreGrpc$MethodHandlers.invoke(FirestoreGrpc.java:1206)
	at io.grpc.stub.ServerCalls$UnaryServerCallHandler$UnaryServerCallListener.onHalfClose(ServerCalls.java:182)
	at io.grpc.PartialForwardingServerCallListener.onHalfClose(PartialForwardingServerCallListener.java:35)
	at io.grpc.ForwardingServerCallListener.onHalfClose(ForwardingServerCallListener.java:23)
	at io.grpc.ForwardingServerCallListener$SimpleForwardingServerCallListener.onHalfClose(ForwardingServerCallListener.java:40)
	at io.grpc.Contexts$ContextualizedServerCallListener.onHalfClose(Contexts.java:86)
	at io.grpc.PartialForwardingServerCallListener.onHalfClose(PartialForwardingServerCallListener.java:35)
	at io.grpc.ForwardingServerCallListener.onHalfClose(ForwardingServerCallListener.java:23)
	at io.grpc.ForwardingServerCallListener$SimpleForwardingServerCallListener.onHalfClose(ForwardingServerCallListener.java:40)
	at io.grpc.Contexts$ContextualizedServerCallListener.onHalfClose(Contexts.java:86)
	at io.grpc.internal.ServerCallImpl$ServerStreamListenerImpl.halfClosed(ServerCallImpl.java:356)
	at io.grpc.internal.ServerImpl$JumpToApplicationThreadServerStreamListener$1HalfClosed.runInContext(ServerImpl.java:861)
	at io.grpc.internal.ContextRunnable.run(ContextRunnable.java:37)
	at io.grpc.internal.SerializingExecutor.run(SerializingExecutor.java:133)
	at java.base/java.util.concurrent.ThreadPoolExecutor.runWorker(ThreadPoolExecutor.java:1128)
	at java.base/java.util.concurrent.ThreadPoolExecutor$Worker.run(ThreadPoolExecutor.java:628)
	at java.base/java.lang.Thread.run(Thread.java:834)

Oct 07, 2026 10:42:13 AM io.gapi.emulators.netty.HttpHandler$1 onError
INFO: Exception when handling request: PERMISSION_DENIED: 
evaluation error at L165:27 for 'get' @ L165, false for 'get' @ L235, false for 'get' @ L165, false for 'get' @ L235
Oct 07, 2026 10:42:13 AM com.google.cloud.datastore.emulator.impl.util.WrappedStreamObserver onError
WARNING: Operation failed: 
false for 'get' @ L177, false for 'get' @ L235
com.google.cloud.datastore.core.exception.DatastoreException: 
false for 'get' @ L177, false for 'get' @ L235
	at com.google.cloud.datastore.core.exception.DatastoreException$Builder.build(DatastoreException.java:121)
	at com.google.cloud.datastore.emulator.impl.rules.DefaultEmulatorRulesAuthorizer.verboseError(DefaultEmulatorRulesAuthorizer.java:318)
	at com.google.cloud.datastore.emulator.impl.rules.DefaultEmulatorRulesAuthorizer.withVerboseErrors(DefaultEmulatorRulesAuthorizer.java:295)
	at com.google.cloud.datastore.emulator.impl.rules.DefaultEmulatorRulesAuthorizer.checkLookup(DefaultEmulatorRulesAuthorizer.java:153)
	at com.google.cloud.datastore.emulator.impl.firestore.FirestoreEmulatorHelper.snapshotRead(FirestoreEmulatorHelper.java:286)
	at com.google.cloud.datastore.emulator.impl.firestore.FirestoreEmulatorHelper.lambda$read$0(FirestoreEmulatorHelper.java:245)
	at com.google.cloud.datastore.emulator.impl.transactions.EmulatorTransactionManager$ReadOnlyTransaction.fold(EmulatorTransactionManager.java:461)
	at com.google.cloud.datastore.emulator.impl.firestore.FirestoreEmulatorHelper.read(FirestoreEmulatorHelper.java:244)
	at com.google.cloud.datastore.emulator.impl.firestore.CloudFirestoreV1.getDocument(CloudFirestoreV1.java:331)
	at com.google.cloud.datastore.emulator.impl.firestore.CloudFirestoreV1Router.getDocument(CloudFirestoreV1Router.java:129)
	at com.google.cloud.datastore.emulator.impl.firestore.CloudFirestoreV1Router.getOrListDocuments(CloudFirestoreV1Router.java:123)
	at com.google.cloud.datastore.emulator.firestore.v1.FirestoreV1GrpcAdapter$1.lambda$getOrListDocuments$0(FirestoreV1GrpcAdapter.java:108)
	at com.google.cloud.datastore.emulator.firestore.v1.FirestoreV1GrpcAdapter.unary(FirestoreV1GrpcAdapter.java:72)
	at com.google.cloud.datastore.emulator.firestore.v1.FirestoreV1GrpcAdapter$1.getOrListDocuments(FirestoreV1GrpcAdapter.java:108)
	at com.google.firestore.v1.FirestoreGrpc$MethodHandlers.invoke(FirestoreGrpc.java:1206)
	at io.grpc.stub.ServerCalls$UnaryServerCallHandler$UnaryServerCallListener.onHalfClose(ServerCalls.java:182)
	at io.grpc.PartialForwardingServerCallListener.onHalfClose(PartialForwardingServerCallListener.java:35)
	at io.grpc.ForwardingServerCallListener.onHalfClose(ForwardingServerCallListener.java:23)
	at io.grpc.ForwardingServerCallListener$SimpleForwardingServerCallListener.onHalfClose(ForwardingServerCallListener.java:40)
	at io.grpc.Contexts$ContextualizedServerCallListener.onHalfClose(Contexts.java:86)
	at io.grpc.PartialForwardingServerCallListener.onHalfClose(PartialForwardingServerCallListener.java:35)
	at io.grpc.ForwardingServerCallListener.onHalfClose(ForwardingServerCallListener.java:23)
	at io.grpc.ForwardingServerCallListener$SimpleForwardingServerCallListener.onHalfClose(ForwardingServerCallListener.java:40)
	at io.grpc.Contexts$ContextualizedServerCallListener.onHalfClose(Contexts.java:86)
	at io.grpc.internal.ServerCallImpl$ServerStreamListenerImpl.halfClosed(ServerCallImpl.java:356)
	at io.grpc.internal.ServerImpl$JumpToApplicationThreadServerStreamListener$1HalfClosed.runInContext(ServerImpl.java:861)
	at io.grpc.internal.ContextRunnable.run(ContextRunnable.java:37)
	at io.grpc.internal.SerializingExecutor.run(SerializingExecutor.java:133)
	at java.base/java.util.concurrent.ThreadPoolExecutor.runWorker(ThreadPoolExecutor.java:1128)
	at java.base/java.util.concurrent.ThreadPoolExecutor$Worker.run(ThreadPoolExecutor.java:628)
	at java.base/java.lang.Thread.run(Thread.java:834)

Oct 07, 2026 10:42:13 AM io.gapi.emulators.netty.HttpHandler$1 onError
INFO: Exception when handling request: PERMISSION_DENIED: 
false for 'get' @ L177, false for 'get' @ L235
Oct 07, 2026 10:42:13 AM com.google.cloud.datastore.emulator.impl.util.WrappedStreamObserver onError
WARNING: Operation failed: 
false for 'create' @ L166, false for 'create' @ L235, false for 'update' @ L166, false for 'update' @ L235
com.google.cloud.datastore.core.exception.DatastoreException: 
false for 'create' @ L166, false for 'create' @ L235, false for 'update' @ L166, false for 'update' @ L235
	at com.google.cloud.datastore.core.exception.DatastoreException$Builder.build(DatastoreException.java:121)
	at com.google.cloud.datastore.emulator.impl.rules.DefaultEmulatorRulesAuthorizer.verboseError(DefaultEmulatorRulesAuthorizer.java:318)
	at com.google.cloud.datastore.emulator.impl.rules.DefaultEmulatorRulesAuthorizer.withVerboseErrors(DefaultEmulatorRulesAuthorizer.java:295)
	at com.google.cloud.datastore.emulator.impl.rules.DefaultEmulatorRulesAuthorizer.checkCommit(DefaultEmulatorRulesAuthorizer.java:114)
	at com.google.cloud.datastore.emulator.impl.firestore.FirestoreEmulatorHelper.commitHelper(FirestoreEmulatorHelper.java:360)
	at com.google.cloud.datastore.emulator.impl.firestore.FirestoreEmulatorHelper.internalCommit(FirestoreEmulatorHelper.java:314)
	at com.google.cloud.datastore.emulator.impl.firestore.CloudFirestoreV1.internalCommit(CloudFirestoreV1.java:1077)
	at com.google.cloud.datastore.emulator.impl.firestore.CloudFirestoreV1.updateDocument(CloudFirestoreV1.java:458)
	at com.google.cloud.datastore.emulator.impl.firestore.CloudFirestoreV1Router.updateDocument(CloudFirestoreV1Router.java:149)
	at com.google.cloud.datastore.emulator.firestore.v1.FirestoreV1GrpcAdapter$1.lambda$updateDocument$4(FirestoreV1GrpcAdapter.java:132)
	at com.google.cloud.datastore.emulator.firestore.v1.FirestoreV1GrpcAdapter.unary(FirestoreV1GrpcAdapter.java:72)
	at com.google.cloud.datastore.emulator.firestore.v1.FirestoreV1GrpcAdapter$1.updateDocument(FirestoreV1GrpcAdapter.java:132)
	at com.google.firestore.v1.FirestoreGrpc$MethodHandlers.invoke(FirestoreGrpc.java:1218)
	at io.grpc.stub.ServerCalls$UnaryServerCallHandler$UnaryServerCallListener.onHalfClose(ServerCalls.java:182)
	at io.grpc.PartialForwardingServerCallListener.onHalfClose(PartialForwardingServerCallListener.java:35)
	at io.grpc.ForwardingServerCallListener.onHalfClose(ForwardingServerCallListener.java:23)
	at io.grpc.ForwardingServerCallListener$SimpleForwardingServerCallListener.onHalfClose(ForwardingServerCallListener.java:40)
	at io.grpc.Contexts$ContextualizedServerCallListener.onHalfClose(Contexts.java:86)
	at io.grpc.PartialForwardingServerCallListener.onHalfClose(PartialForwardingServerCallListener.java:35)
	at io.grpc.ForwardingServerCallListener.onHalfClose(ForwardingServerCallListener.java:23)
	at io.grpc.ForwardingServerCallListener$SimpleForwardingServerCallListener.onHalfClose(ForwardingServerCallListener.java:40)
	at io.grpc.Contexts$ContextualizedServerCallListener.onHalfClose(Contexts.java:86)
	at io.grpc.internal.ServerCallImpl$ServerStreamListenerImpl.halfClosed(ServerCallImpl.java:356)
	at io.grpc.internal.ServerImpl$JumpToApplicationThreadServerStreamListener$1HalfClosed.runInContext(ServerImpl.java:861)
	at io.grpc.internal.ContextRunnable.run(ContextRunnable.java:37)
	at io.grpc.internal.SerializingExecutor.run(SerializingExecutor.java:133)
	at java.base/java.util.concurrent.ThreadPoolExecutor.runWorker(ThreadPoolExecutor.java:1128)
	at java.base/java.util.concurrent.ThreadPoolExecutor$Worker.run(ThreadPoolExecutor.java:628)
	at java.base/java.lang.Thread.run(Thread.java:834)

Oct 07, 2026 10:42:13 AM io.gapi.emulators.netty.HttpHandler$1 onError
INFO: Exception when handling request: PERMISSION_DENIED: 
false for 'create' @ L166, false for 'create' @ L235, false for 'update' @ L166, false for 'update' @ L235
Oct 07, 2026 10:42:13 AM com.google.cloud.datastore.emulator.impl.util.WrappedStreamObserver onError
WARNING: Operation failed: 
false for 'create' @ L184, false for 'create' @ L235, evaluation error at L180:26 for 'update' @ L180, false for 'update' @ L235, false for 'update' @ L180, false for 'update' @ L235
com.google.cloud.datastore.core.exception.DatastoreException: 
false for 'create' @ L184, false for 'create' @ L235, evaluation error at L180:26 for 'update' @ L180, false for 'update' @ L235, false for 'update' @ L180, false for 'update' @ L235
	at com.google.cloud.datastore.core.exception.DatastoreException$Builder.build(DatastoreException.java:121)
	at com.google.cloud.datastore.emulator.impl.rules.DefaultEmulatorRulesAuthorizer.verboseError(DefaultEmulatorRulesAuthorizer.java:318)
	at com.google.cloud.datastore.emulator.impl.rules.DefaultEmulatorRulesAuthorizer.withVerboseErrors(DefaultEmulatorRulesAuthorizer.java:295)
	at com.google.cloud.datastore.emulator.impl.rules.DefaultEmulatorRulesAuthorizer.checkCommit(DefaultEmulatorRulesAuthorizer.java:114)
	at com.google.cloud.datastore.emulator.impl.firestore.FirestoreEmulatorHelper.commitHelper(FirestoreEmulatorHelper.java:360)
	at com.google.cloud.datastore.emulator.impl.firestore.FirestoreEmulatorHelper.internalCommit(FirestoreEmulatorHelper.java:314)
	at com.google.cloud.datastore.emulator.impl.firestore.CloudFirestoreV1.internalCommit(CloudFirestoreV1.java:1077)
	at com.google.cloud.datastore.emulator.impl.firestore.CloudFirestoreV1.updateDocument(CloudFirestoreV1.java:458)
	at com.google.cloud.datastore.emulator.impl.firestore.CloudFirestoreV1Router.updateDocument(CloudFirestoreV1Router.java:149)
	at com.google.cloud.datastore.emulator.firestore.v1.FirestoreV1GrpcAdapter$1.lambda$updateDocument$4(FirestoreV1GrpcAdapter.java:132)
	at com.google.cloud.datastore.emulator.firestore.v1.FirestoreV1GrpcAdapter.unary(FirestoreV1GrpcAdapter.java:72)
	at com.google.cloud.datastore.emulator.firestore.v1.FirestoreV1GrpcAdapter$1.updateDocument(FirestoreV1GrpcAdapter.java:132)
	at com.google.firestore.v1.FirestoreGrpc$MethodHandlers.invoke(FirestoreGrpc.java:1218)
	at io.grpc.stub.ServerCalls$UnaryServerCallHandler$UnaryServerCallListener.onHalfClose(ServerCalls.java:182)
	at io.grpc.PartialForwardingServerCallListener.onHalfClose(PartialForwardingServerCallListener.java:35)
	at io.grpc.ForwardingServerCallListener.onHalfClose(ForwardingServerCallListener.java:23)
	at io.grpc.ForwardingServerCallListener$SimpleForwardingServerCallListener.onHalfClose(ForwardingServerCallListener.java:40)
	at io.grpc.Contexts$ContextualizedServerCallListener.onHalfClose(Contexts.java:86)
	at io.grpc.PartialForwardingServerCallListener.onHalfClose(PartialForwardingServerCallListener.java:35)
	at io.grpc.ForwardingServerCallListener.onHalfClose(ForwardingServerCallListener.java:23)
	at io.grpc.ForwardingServerCallListener$SimpleForwardingServerCallListener.onHalfClose(ForwardingServerCallListener.java:40)
	at io.grpc.Contexts$ContextualizedServerCallListener.onHalfClose(Contexts.java:86)
	at io.grpc.internal.ServerCallImpl$ServerStreamListenerImpl.halfClosed(ServerCallImpl.java:356)
	at io.grpc.internal.ServerImpl$JumpToApplicationThreadServerStreamListener$1HalfClosed.runInContext(ServerImpl.java:861)
	at io.grpc.internal.ContextRunnable.run(ContextRunnable.java:37)
	at io.grpc.internal.SerializingExecutor.run(SerializingExecutor.java:133)
	at java.base/java.util.concurrent.ThreadPoolExecutor.runWorker(ThreadPoolExecutor.java:1128)
	at java.base/java.util.concurrent.ThreadPoolExecutor$Worker.run(ThreadPoolExecutor.java:628)
	at java.base/java.lang.Thread.run(Thread.java:834)

Oct 07, 2026 10:42:13 AM io.gapi.emulators.netty.HttpHandler$1 onError
INFO: Exception when handling request: PERMISSION_DENIED: 
false for 'create' @ L184, false for 'create' @ L235, evaluation error at L180:26 for 'update' @ L180, false for 'update' @ L235, false for 'update' @ L180, false for 'update' @ L235
Oct 07, 2026 11:11:03 AM io.gapi.emulators.netty.HttpVersionRoutingHandler channelRead
INFO: Detected non-HTTP/2 connection.
Oct 07, 2026 11:11:03 AM io.gapi.emulators.netty.HttpVersionRoutingHandler channelRead
INFO: Detected non-HTTP/2 connection.
Oct 07, 2026 11:11:03 AM com.google.cloud.datastore.emulator.impl.util.WrappedStreamObserver onError
WARNING: Operation failed: 
false for 'create' @ L82, false for 'create' @ L235, evaluation error at L88:24 for 'update' @ L88, false for 'update' @ L235, false for 'update' @ L88, false for 'update' @ L235
com.google.cloud.datastore.core.exception.DatastoreException: 
false for 'create' @ L82, false for 'create' @ L235, evaluation error at L88:24 for 'update' @ L88, false for 'update' @ L235, false for 'update' @ L88, false for 'update' @ L235
	at com.google.cloud.datastore.core.exception.DatastoreException$Builder.build(DatastoreException.java:121)
	at com.google.cloud.datastore.emulator.impl.rules.DefaultEmulatorRulesAuthorizer.verboseError(DefaultEmulatorRulesAuthorizer.java:318)
	at com.google.cloud.datastore.emulator.impl.rules.DefaultEmulatorRulesAuthorizer.withVerboseErrors(DefaultEmulatorRulesAuthorizer.java:295)
	at com.google.cloud.datastore.emulator.impl.rules.DefaultEmulatorRulesAuthorizer.checkCommit(DefaultEmulatorRulesAuthorizer.java:114)
	at com.google.cloud.datastore.emulator.impl.firestore.FirestoreEmulatorHelper.commitHelper(FirestoreEmulatorHelper.java:360)
	at com.google.cloud.datastore.emulator.impl.firestore.FirestoreEmulatorHelper.internalCommit(FirestoreEmulatorHelper.java:314)
	at com.google.cloud.datastore.emulator.impl.firestore.CloudFirestoreV1.internalCommit(CloudFirestoreV1.java:1077)
	at com.google.cloud.datastore.emulator.impl.firestore.CloudFirestoreV1.updateDocument(CloudFirestoreV1.java:458)
	at com.google.cloud.datastore.emulator.impl.firestore.CloudFirestoreV1Router.updateDocument(CloudFirestoreV1Router.java:149)
	at com.google.cloud.datastore.emulator.firestore.v1.FirestoreV1GrpcAdapter$1.lambda$updateDocument$4(FirestoreV1GrpcAdapter.java:132)
	at com.google.cloud.datastore.emulator.firestore.v1.FirestoreV1GrpcAdapter.unary(FirestoreV1GrpcAdapter.java:72)
	at com.google.cloud.datastore.emulator.firestore.v1.FirestoreV1GrpcAdapter$1.updateDocument(FirestoreV1GrpcAdapter.java:132)
	at com.google.firestore.v1.FirestoreGrpc$MethodHandlers.invoke(FirestoreGrpc.java:1218)
	at io.grpc.stub.ServerCalls$UnaryServerCallHandler$UnaryServerCallListener.onHalfClose(ServerCalls.java:182)
	at io.grpc.PartialForwardingServerCallListener.onHalfClose(PartialForwardingServerCallListener.java:35)
	at io.grpc.ForwardingServerCallListener.onHalfClose(ForwardingServerCallListener.java:23)
	at io.grpc.ForwardingServerCallListener$SimpleForwardingServerCallListener.onHalfClose(ForwardingServerCallListener.java:40)
	at io.grpc.Contexts$ContextualizedServerCallListener.onHalfClose(Contexts.java:86)
	at io.grpc.PartialForwardingServerCallListener.onHalfClose(PartialForwardingServerCallListener.java:35)
	at io.grpc.ForwardingServerCallListener.onHalfClose(ForwardingServerCallListener.java:23)
	at io.grpc.ForwardingServerCallListener$SimpleForwardingServerCallListener.onHalfClose(ForwardingServerCallListener.java:40)
	at io.grpc.Contexts$ContextualizedServerCallListener.onHalfClose(Contexts.java:86)
	at io.grpc.internal.ServerCallImpl$ServerStreamListenerImpl.halfClosed(ServerCallImpl.java:356)
	at io.grpc.internal.ServerImpl$JumpToApplicationThreadServerStreamListener$1HalfClosed.runInContext(ServerImpl.java:861)
	at io.grpc.internal.ContextRunnable.run(ContextRunnable.java:37)
	at io.grpc.internal.SerializingExecutor.run(SerializingExecutor.java:133)
	at java.base/java.util.concurrent.ThreadPoolExecutor.runWorker(ThreadPoolExecutor.java:1128)
	at java.base/java.util.concurrent.ThreadPoolExecutor$Worker.run(ThreadPoolExecutor.java:628)
	at java.base/java.lang.Thread.run(Thread.java:834)

Oct 07, 2026 11:11:03 AM io.gapi.emulators.netty.HttpHandler$1 onError
INFO: Exception when handling request: PERMISSION_DENIED: 
false for 'create' @ L82, false for 'create' @ L235, evaluation error at L88:24 for 'update' @ L88, false for 'update' @ L235, false for 'update' @ L88, false for 'update' @ L235
Oct 07, 2026 11:11:03 AM com.google.cloud.datastore.emulator.impl.util.WrappedStreamObserver onError
WARNING: Operation failed: 
false for 'get' @ L177, false for 'get' @ L235
com.google.cloud.datastore.core.exception.DatastoreException: 
false for 'get' @ L177, false for 'get' @ L235
	at com.google.cloud.datastore.core.exception.DatastoreException$Builder.build(DatastoreException.java:121)
	at com.google.cloud.datastore.emulator.impl.rules.DefaultEmulatorRulesAuthorizer.verboseError(DefaultEmulatorRulesAuthorizer.java:318)
	at com.google.cloud.datastore.emulator.impl.rules.DefaultEmulatorRulesAuthorizer.withVerboseErrors(DefaultEmulatorRulesAuthorizer.java:295)
	at com.google.cloud.datastore.emulator.impl.rules.DefaultEmulatorRulesAuthorizer.checkLookup(DefaultEmulatorRulesAuthorizer.java:153)
	at com.google.cloud.datastore.emulator.impl.firestore.FirestoreEmulatorHelper.snapshotRead(FirestoreEmulatorHelper.java:286)
	at com.google.cloud.datastore.emulator.impl.firestore.FirestoreEmulatorHelper.lambda$read$0(FirestoreEmulatorHelper.java:245)
	at com.google.cloud.datastore.emulator.impl.transactions.EmulatorTransactionManager$ReadOnlyTransaction.fold(EmulatorTransactionManager.java:461)
	at com.google.cloud.datastore.emulator.impl.firestore.FirestoreEmulatorHelper.read(FirestoreEmulatorHelper.java:244)
	at com.google.cloud.datastore.emulator.impl.firestore.CloudFirestoreV1.getDocument(CloudFirestoreV1.java:331)
	at com.google.cloud.datastore.emulator.impl.firestore.CloudFirestoreV1Router.getDocument(CloudFirestoreV1Router.java:129)
	at com.google.cloud.datastore.emulator.impl.firestore.CloudFirestoreV1Router.getOrListDocuments(CloudFirestoreV1Router.java:123)
	at com.google.cloud.datastore.emulator.firestore.v1.FirestoreV1GrpcAdapter$1.lambda$getOrListDocuments$0(FirestoreV1GrpcAdapter.java:108)
	at com.google.cloud.datastore.emulator.firestore.v1.FirestoreV1GrpcAdapter.unary(FirestoreV1GrpcAdapter.java:72)
	at com.google.cloud.datastore.emulator.firestore.v1.FirestoreV1GrpcAdapter$1.getOrListDocuments(FirestoreV1GrpcAdapter.java:108)
	at com.google.firestore.v1.FirestoreGrpc$MethodHandlers.invoke(FirestoreGrpc.java:1206)
	at io.grpc.stub.ServerCalls$UnaryServerCallHandler$UnaryServerCallListener.onHalfClose(ServerCalls.java:182)
	at io.grpc.PartialForwardingServerCallListener.onHalfClose(PartialForwardingServerCallListener.java:35)
	at io.grpc.ForwardingServerCallListener.onHalfClose(ForwardingServerCallListener.java:23)
	at io.grpc.ForwardingServerCallListener$SimpleForwardingServerCallListener.onHalfClose(ForwardingServerCallListener.java:40)
	at io.grpc.Contexts$ContextualizedServerCallListener.onHalfClose(Contexts.java:86)
	at io.grpc.PartialForwardingServerCallListener.onHalfClose(PartialForwardingServerCallListener.java:35)
	at io.grpc.ForwardingServerCallListener.onHalfClose(ForwardingServerCallListener.java:23)
	at io.grpc.ForwardingServerCallListener$SimpleForwardingServerCallListener.onHalfClose(ForwardingServerCallListener.java:40)
	at io.grpc.Contexts$ContextualizedServerCallListener.onHalfClose(Contexts.java:86)
	at io.grpc.internal.ServerCallImpl$ServerStreamListenerImpl.halfClosed(ServerCallImpl.java:356)
	at io.grpc.internal.ServerImpl$JumpToApplicationThreadServerStreamListener$1HalfClosed.runInContext(ServerImpl.java:861)
	at io.grpc.internal.ContextRunnable.run(ContextRunnable.java:37)
	at io.grpc.internal.SerializingExecutor.run(SerializingExecutor.java:133)
	at java.base/java.util.concurrent.ThreadPoolExecutor.runWorker(ThreadPoolExecutor.java:1128)
	at java.base/java.util.concurrent.ThreadPoolExecutor$Worker.run(ThreadPoolExecutor.java:628)
	at java.base/java.lang.Thread.run(Thread.java:834)

Oct 07, 2026 11:11:03 AM io.gapi.emulators.netty.HttpHandler$1 onError
INFO: Exception when handling request: PERMISSION_DENIED: 
false for 'get' @ L177, false for 'get' @ L235
Oct 07, 2026 11:11:03 AM com.google.cloud.datastore.emulator.impl.util.WrappedStreamObserver onError
WARNING: Operation failed: 
false for 'get' @ L190, false for 'get' @ L235
com.google.cloud.datastore.core.exception.DatastoreException: 
false for 'get' @ L190, false for 'get' @ L235
	at com.google.cloud.datastore.core.exception.DatastoreException$Builder.build(DatastoreException.java:121)
	at com.google.cloud.datastore.emulator.impl.rules.DefaultEmulatorRulesAuthorizer.verboseError(DefaultEmulatorRulesAuthorizer.java:318)
	at com.google.cloud.datastore.emulator.impl.rules.DefaultEmulatorRulesAuthorizer.withVerboseErrors(DefaultEmulatorRulesAuthorizer.java:295)
	at com.google.cloud.datastore.emulator.impl.rules.DefaultEmulatorRulesAuthorizer.checkLookup(DefaultEmulatorRulesAuthorizer.java:153)
	at com.google.cloud.datastore.emulator.impl.firestore.FirestoreEmulatorHelper.snapshotRead(FirestoreEmulatorHelper.java:286)
	at com.google.cloud.datastore.emulator.impl.firestore.FirestoreEmulatorHelper.lambda$read$0(FirestoreEmulatorHelper.java:245)
	at com.google.cloud.datastore.emulator.impl.transactions.EmulatorTransactionManager$ReadOnlyTransaction.fold(EmulatorTransactionManager.java:461)
	at com.google.cloud.datastore.emulator.impl.firestore.FirestoreEmulatorHelper.read(FirestoreEmulatorHelper.java:244)
	at com.google.cloud.datastore.emulator.impl.firestore.CloudFirestoreV1.getDocument(CloudFirestoreV1.java:331)
	at com.google.cloud.datastore.emulator.impl.firestore.CloudFirestoreV1Router.getDocument(CloudFirestoreV1Router.java:129)
	at com.google.cloud.datastore.emulator.impl.firestore.CloudFirestoreV1Router.getOrListDocuments(CloudFirestoreV1Router.java:123)
	at com.google.cloud.datastore.emulator.firestore.v1.FirestoreV1GrpcAdapter$1.lambda$getOrListDocuments$0(FirestoreV1GrpcAdapter.java:108)
	at com.google.cloud.datastore.emulator.firestore.v1.FirestoreV1GrpcAdapter.unary(FirestoreV1GrpcAdapter.java:72)
	at com.google.cloud.datastore.emulator.firestore.v1.FirestoreV1GrpcAdapter$1.getOrListDocuments(FirestoreV1GrpcAdapter.java:108)
	at com.google.firestore.v1.FirestoreGrpc$MethodHandlers.invoke(FirestoreGrpc.java:1206)
	at io.grpc.stub.ServerCalls$UnaryServerCallHandler$UnaryServerCallListener.onHalfClose(ServerCalls.java:182)
	at io.grpc.PartialForwardingServerCallListener.onHalfClose(PartialForwardingServerCallListener.java:35)
	at io.grpc.ForwardingServerCallListener.onHalfClose(ForwardingServerCallListener.java:23)
	at io.grpc.ForwardingServerCallListener$SimpleForwardingServerCallListener.onHalfClose(ForwardingServerCallListener.java:40)
	at io.grpc.Contexts$ContextualizedServerCallListener.onHalfClose(Contexts.java:86)
	at io.grpc.PartialForwardingServerCallListener.onHalfClose(PartialForwardingServerCallListener.java:35)
	at io.grpc.ForwardingServerCallListener.onHalfClose(ForwardingServerCallListener.java:23)
	at io.grpc.ForwardingServerCallListener$SimpleForwardingServerCallListener.onHalfClose(ForwardingServerCallListener.java:40)
	at io.grpc.Contexts$ContextualizedServerCallListener.onHalfClose(Contexts.java:86)
	at io.grpc.internal.ServerCallImpl$ServerStreamListenerImpl.halfClosed(ServerCallImpl.java:356)
	at io.grpc.internal.ServerImpl$JumpToApplicationThreadServerStreamListener$1HalfClosed.runInContext(ServerImpl.java:861)
	at io.grpc.internal.ContextRunnable.run(ContextRunnable.java:37)
	at io.grpc.internal.SerializingExecutor.run(SerializingExecutor.java:133)
	at java.base/java.util.concurrent.ThreadPoolExecutor.runWorker(ThreadPoolExecutor.java:1128)
	at java.base/java.util.concurrent.ThreadPoolExecutor$Worker.run(ThreadPoolExecutor.java:628)
	at java.base/java.lang.Thread.run(Thread.java:834)

Oct 07, 2026 11:11:03 AM io.gapi.emulators.netty.HttpHandler$1 onError
INFO: Exception when handling request: PERMISSION_DENIED: 
false for 'get' @ L190, false for 'get' @ L235
Oct 07, 2026 11:11:03 AM com.google.cloud.datastore.emulator.impl.util.WrappedStreamObserver onError
WARNING: Operation failed: 
evaluation error at L165:27 for 'get' @ L165, false for 'get' @ L235, false for 'get' @ L165, false for 'get' @ L235
com.google.cloud.datastore.core.exception.DatastoreException: 
evaluation error at L165:27 for 'get' @ L165, false for 'get' @ L235, false for 'get' @ L165, false for 'get' @ L235
	at com.google.cloud.datastore.core.exception.DatastoreException$Builder.build(DatastoreException.java:121)
	at com.google.cloud.datastore.emulator.impl.rules.DefaultEmulatorRulesAuthorizer.verboseError(DefaultEmulatorRulesAuthorizer.java:318)
	at com.google.cloud.datastore.emulator.impl.rules.DefaultEmulatorRulesAuthorizer.withVerboseErrors(DefaultEmulatorRulesAuthorizer.java:295)
	at com.google.cloud.datastore.emulator.impl.rules.DefaultEmulatorRulesAuthorizer.checkLookup(DefaultEmulatorRulesAuthorizer.java:153)
	at com.google.cloud.datastore.emulator.impl.firestore.FirestoreEmulatorHelper.snapshotRead(FirestoreEmulatorHelper.java:286)
	at com.google.cloud.datastore.emulator.impl.firestore.FirestoreEmulatorHelper.lambda$read$0(FirestoreEmulatorHelper.java:245)
	at com.google.cloud.datastore.emulator.impl.transactions.EmulatorTransactionManager$ReadOnlyTransaction.fold(EmulatorTransactionManager.java:461)
	at com.google.cloud.datastore.emulator.impl.firestore.FirestoreEmulatorHelper.read(FirestoreEmulatorHelper.java:244)
	at com.google.cloud.datastore.emulator.impl.firestore.CloudFirestoreV1.getDocument(CloudFirestoreV1.java:331)
	at com.google.cloud.datastore.emulator.impl.firestore.CloudFirestoreV1Router.getDocument(CloudFirestoreV1Router.java:129)
	at com.google.cloud.datastore.emulator.impl.firestore.CloudFirestoreV1Router.getOrListDocuments(CloudFirestoreV1Router.java:123)
	at com.google.cloud.datastore.emulator.firestore.v1.FirestoreV1GrpcAdapter$1.lambda$getOrListDocuments$0(FirestoreV1GrpcAdapter.java:108)
	at com.google.cloud.datastore.emulator.firestore.v1.FirestoreV1GrpcAdapter.unary(FirestoreV1GrpcAdapter.java:72)
	at com.google.cloud.datastore.emulator.firestore.v1.FirestoreV1GrpcAdapter$1.getOrListDocuments(FirestoreV1GrpcAdapter.java:108)
	at com.google.firestore.v1.FirestoreGrpc$MethodHandlers.invoke(FirestoreGrpc.java:1206)
	at io.grpc.stub.ServerCalls$UnaryServerCallHandler$UnaryServerCallListener.onHalfClose(ServerCalls.java:182)
	at io.grpc.PartialForwardingServerCallListener.onHalfClose(PartialForwardingServerCallListener.java:35)
	at io.grpc.ForwardingServerCallListener.onHalfClose(ForwardingServerCallListener.java:23)
	at io.grpc.ForwardingServerCallListener$SimpleForwardingServerCallListener.onHalfClose(ForwardingServerCallListener.java:40)
	at io.grpc.Contexts$ContextualizedServerCallListener.onHalfClose(Contexts.java:86)
	at io.grpc.PartialForwardingServerCallListener.onHalfClose(PartialForwardingServerCallListener.java:35)
	at io.grpc.ForwardingServerCallListener.onHalfClose(ForwardingServerCallListener.java:23)
	at io.grpc.ForwardingServerCallListener$SimpleForwardingServerCallListener.onHalfClose(ForwardingServerCallListener.java:40)
	at io.grpc.Contexts$ContextualizedServerCallListener.onHalfClose(Contexts.java:86)
	at io.grpc.internal.ServerCallImpl$ServerStreamListenerImpl.halfClosed(ServerCallImpl.java:356)
	at io.grpc.internal.ServerImpl$JumpToApplicationThreadServerStreamListener$1HalfClosed.runInContext(ServerImpl.java:861)
	at io.grpc.internal.ContextRunnable.run(ContextRunnable.java:37)
	at io.grpc.internal.SerializingExecutor.run(SerializingExecutor.java:133)
	at java.base/java.util.concurrent.ThreadPoolExecutor.runWorker(ThreadPoolExecutor.java:1128)
	at java.base/java.util.concurrent.ThreadPoolExecutor$Worker.run(ThreadPoolExecutor.java:628)
	at java.base/java.lang.Thread.run(Thread.java:834)

Oct 07, 2026 11:11:03 AM io.gapi.emulators.netty.HttpHandler$1 onError
INFO: Exception when handling request: PERMISSION_DENIED: 
evaluation error at L165:27 for 'get' @ L165, false for 'get' @ L235, false for 'get' @ L165, false for 'get' @ L235
Oct 07, 2026 11:11:03 AM com.google.cloud.datastore.emulator.impl.util.WrappedStreamObserver onError
WARNING: Operation failed: 
false for 'get' @ L177, false for 'get' @ L235
com.google.cloud.datastore.core.exception.DatastoreException: 
false for 'get' @ L177, false for 'get' @ L235
	at com.google.cloud.datastore.core.exception.DatastoreException$Builder.build(DatastoreException.java:121)
	at com.google.cloud.datastore.emulator.impl.rules.DefaultEmulatorRulesAuthorizer.verboseError(DefaultEmulatorRulesAuthorizer.java:318)
	at com.google.cloud.datastore.emulator.impl.rules.DefaultEmulatorRulesAuthorizer.withVerboseErrors(DefaultEmulatorRulesAuthorizer.java:295)
	at com.google.cloud.datastore.emulator.impl.rules.DefaultEmulatorRulesAuthorizer.checkLookup(DefaultEmulatorRulesAuthorizer.java:153)
	at com.google.cloud.datastore.emulator.impl.firestore.FirestoreEmulatorHelper.snapshotRead(FirestoreEmulatorHelper.java:286)
	at com.google.cloud.datastore.emulator.impl.firestore.FirestoreEmulatorHelper.lambda$read$0(FirestoreEmulatorHelper.java:245)
	at com.google.cloud.datastore.emulator.impl.transactions.EmulatorTransactionManager$ReadOnlyTransaction.fold(EmulatorTransactionManager.java:461)
	at com.google.cloud.datastore.emulator.impl.firestore.FirestoreEmulatorHelper.read(FirestoreEmulatorHelper.java:244)
	at com.google.cloud.datastore.emulator.impl.firestore.CloudFirestoreV1.getDocument(CloudFirestoreV1.java:331)
	at com.google.cloud.datastore.emulator.impl.firestore.CloudFirestoreV1Router.getDocument(CloudFirestoreV1Router.java:129)
	at com.google.cloud.datastore.emulator.impl.firestore.CloudFirestoreV1Router.getOrListDocuments(CloudFirestoreV1Router.java:123)
	at com.google.cloud.datastore.emulator.firestore.v1.FirestoreV1GrpcAdapter$1.lambda$getOrListDocuments$0(FirestoreV1GrpcAdapter.java:108)
	at com.google.cloud.datastore.emulator.firestore.v1.FirestoreV1GrpcAdapter.unary(FirestoreV1GrpcAdapter.java:72)
	at com.google.cloud.datastore.emulator.firestore.v1.FirestoreV1GrpcAdapter$1.getOrListDocuments(FirestoreV1GrpcAdapter.java:108)
	at com.google.firestore.v1.FirestoreGrpc$MethodHandlers.invoke(FirestoreGrpc.java:1206)
	at io.grpc.stub.ServerCalls$UnaryServerCallHandler$UnaryServerCallListener.onHalfClose(ServerCalls.java:182)
	at io.grpc.PartialForwardingServerCallListener.onHalfClose(PartialForwardingServerCallListener.java:35)
	at io.grpc.ForwardingServerCallListener.onHalfClose(ForwardingServerCallListener.java:23)
	at io.grpc.ForwardingServerCallListener$SimpleForwardingServerCallListener.onHalfClose(ForwardingServerCallListener.java:40)
	at io.grpc.Contexts$ContextualizedServerCallListener.onHalfClose(Contexts.java:86)
	at io.grpc.PartialForwardingServerCallListener.onHalfClose(PartialForwardingServerCallListener.java:35)
	at io.grpc.ForwardingServerCallListener.onHalfClose(ForwardingServerCallListener.java:23)
	at io.grpc.ForwardingServerCallListener$SimpleForwardingServerCallListener.onHalfClose(ForwardingServerCallListener.java:40)
	at io.grpc.Contexts$ContextualizedServerCallListener.onHalfClose(Contexts.java:86)
	at io.grpc.internal.ServerCallImpl$ServerStreamListenerImpl.halfClosed(ServerCallImpl.java:356)
	at io.grpc.internal.ServerImpl$JumpToApplicationThreadServerStreamListener$1HalfClosed.runInContext(ServerImpl.java:861)
	at io.grpc.internal.ContextRunnable.run(ContextRunnable.java:37)
	at io.grpc.internal.SerializingExecutor.run(SerializingExecutor.java:133)
	at java.base/java.util.concurrent.ThreadPoolExecutor.runWorker(ThreadPoolExecutor.java:1128)
	at java.base/java.util.concurrent.ThreadPoolExecutor$Worker.run(ThreadPoolExecutor.java:628)
	at java.base/java.lang.Thread.run(Thread.java:834)

Oct 07, 2026 11:11:03 AM io.gapi.emulators.netty.HttpHandler$1 onError
INFO: Exception when handling request: PERMISSION_DENIED: 
false for 'get' @ L177, false for 'get' @ L235
Oct 07, 2026 11:11:03 AM com.google.cloud.datastore.emulator.impl.util.WrappedStreamObserver onError
WARNING: Operation failed: 
false for 'create' @ L166, false for 'create' @ L235, false for 'update' @ L166, false for 'update' @ L235
com.google.cloud.datastore.core.exception.DatastoreException: 
false for 'create' @ L166, false for 'create' @ L235, false for 'update' @ L166, false for 'update' @ L235
	at com.google.cloud.datastore.core.exception.DatastoreException$Builder.build(DatastoreException.java:121)
	at com.google.cloud.datastore.emulator.impl.rules.DefaultEmulatorRulesAuthorizer.verboseError(DefaultEmulatorRulesAuthorizer.java:318)
	at com.google.cloud.datastore.emulator.impl.rules.DefaultEmulatorRulesAuthorizer.withVerboseErrors(DefaultEmulatorRulesAuthorizer.java:295)
	at com.google.cloud.datastore.emulator.impl.rules.DefaultEmulatorRulesAuthorizer.checkCommit(DefaultEmulatorRulesAuthorizer.java:114)
	at com.google.cloud.datastore.emulator.impl.firestore.FirestoreEmulatorHelper.commitHelper(FirestoreEmulatorHelper.java:360)
	at com.google.cloud.datastore.emulator.impl.firestore.FirestoreEmulatorHelper.internalCommit(FirestoreEmulatorHelper.java:314)
	at com.google.cloud.datastore.emulator.impl.firestore.CloudFirestoreV1.internalCommit(CloudFirestoreV1.java:1077)
	at com.google.cloud.datastore.emulator.impl.firestore.CloudFirestoreV1.updateDocument(CloudFirestoreV1.java:458)
	at com.google.cloud.datastore.emulator.impl.firestore.CloudFirestoreV1Router.updateDocument(CloudFirestoreV1Router.java:149)
	at com.google.cloud.datastore.emulator.firestore.v1.FirestoreV1GrpcAdapter$1.lambda$updateDocument$4(FirestoreV1GrpcAdapter.java:132)
	at com.google.cloud.datastore.emulator.firestore.v1.FirestoreV1GrpcAdapter.unary(FirestoreV1GrpcAdapter.java:72)
	at com.google.cloud.datastore.emulator.firestore.v1.FirestoreV1GrpcAdapter$1.updateDocument(FirestoreV1GrpcAdapter.java:132)
	at com.google.firestore.v1.FirestoreGrpc$MethodHandlers.invoke(FirestoreGrpc.java:1218)
	at io.grpc.stub.ServerCalls$UnaryServerCallHandler$UnaryServerCallListener.onHalfClose(ServerCalls.java:182)
	at io.grpc.PartialForwardingServerCallListener.onHalfClose(PartialForwardingServerCallListener.java:35)
	at io.grpc.ForwardingServerCallListener.onHalfClose(ForwardingServerCallListener.java:23)
	at io.grpc.ForwardingServerCallListener$SimpleForwardingServerCallListener.onHalfClose(ForwardingServerCallListener.java:40)
	at io.grpc.Contexts$ContextualizedServerCallListener.onHalfClose(Contexts.java:86)
	at io.grpc.PartialForwardingServerCallListener.onHalfClose(PartialForwardingServerCallListener.java:35)
	at io.grpc.ForwardingServerCallListener.onHalfClose(ForwardingServerCallListener.java:23)
	at io.grpc.ForwardingServerCallListener$SimpleForwardingServerCallListener.onHalfClose(ForwardingServerCallListener.java:40)
	at io.grpc.Contexts$ContextualizedServerCallListener.onHalfClose(Contexts.java:86)
	at io.grpc.internal.ServerCallImpl$ServerStreamListenerImpl.halfClosed(ServerCallImpl.java:356)
	at io.grpc.internal.ServerImpl$JumpToApplicationThreadServerStreamListener$1HalfClosed.runInContext(ServerImpl.java:861)
	at io.grpc.internal.ContextRunnable.run(ContextRunnable.java:37)
	at io.grpc.internal.SerializingExecutor.run(SerializingExecutor.java:133)
	at java.base/java.util.concurrent.ThreadPoolExecutor.runWorker(ThreadPoolExecutor.java:1128)
	at java.base/java.util.concurrent.ThreadPoolExecutor$Worker.run(ThreadPoolExecutor.java:628)
	at java.base/java.lang.Thread.run(Thread.java:834)

Oct 07, 2026 11:11:03 AM io.gapi.emulators.netty.HttpHandler$1 onError
INFO: Exception when handling request: PERMISSION_DENIED: 
false for 'create' @ L166, false for 'create' @ L235, false for 'update' @ L166, false for 'update' @ L235
Oct 07, 2026 11:11:03 AM com.google.cloud.datastore.emulator.impl.util.WrappedStreamObserver onError
WARNING: Operation failed: 
false for 'create' @ L184, false for 'create' @ L235, evaluation error at L180:26 for 'update' @ L180, false for 'update' @ L235, false for 'update' @ L180, false for 'update' @ L235
com.google.cloud.datastore.core.exception.DatastoreException: 
false for 'create' @ L184, false for 'create' @ L235, evaluation error at L180:26 for 'update' @ L180, false for 'update' @ L235, false for 'update' @ L180, false for 'update' @ L235
	at com.google.cloud.datastore.core.exception.DatastoreException$Builder.build(DatastoreException.java:121)
	at com.google.cloud.datastore.emulator.impl.rules.DefaultEmulatorRulesAuthorizer.verboseError(DefaultEmulatorRulesAuthorizer.java:318)
	at com.google.cloud.datastore.emulator.impl.rules.DefaultEmulatorRulesAuthorizer.withVerboseErrors(DefaultEmulatorRulesAuthorizer.java:295)
	at com.google.cloud.datastore.emulator.impl.rules.DefaultEmulatorRulesAuthorizer.checkCommit(DefaultEmulatorRulesAuthorizer.java:114)
	at com.google.cloud.datastore.emulator.impl.firestore.FirestoreEmulatorHelper.commitHelper(FirestoreEmulatorHelper.java:360)
	at com.google.cloud.datastore.emulator.impl.firestore.FirestoreEmulatorHelper.internalCommit(FirestoreEmulatorHelper.java:314)
	at com.google.cloud.datastore.emulator.impl.firestore.CloudFirestoreV1.internalCommit(CloudFirestoreV1.java:1077)
	at com.google.cloud.datastore.emulator.impl.firestore.CloudFirestoreV1.updateDocument(CloudFirestoreV1.java:458)
	at com.google.cloud.datastore.emulator.impl.firestore.CloudFirestoreV1Router.updateDocument(CloudFirestoreV1Router.java:149)
	at com.google.cloud.datastore.emulator.firestore.v1.FirestoreV1GrpcAdapter$1.lambda$updateDocument$4(FirestoreV1GrpcAdapter.java:132)
	at com.google.cloud.datastore.emulator.firestore.v1.FirestoreV1GrpcAdapter.unary(FirestoreV1GrpcAdapter.java:72)
	at com.google.cloud.datastore.emulator.firestore.v1.FirestoreV1GrpcAdapter$1.updateDocument(FirestoreV1GrpcAdapter.java:132)
	at com.google.firestore.v1.FirestoreGrpc$MethodHandlers.invoke(FirestoreGrpc.java:1218)
	at io.grpc.stub.ServerCalls$UnaryServerCallHandler$UnaryServerCallListener.onHalfClose(ServerCalls.java:182)
	at io.grpc.PartialForwardingServerCallListener.onHalfClose(PartialForwardingServerCallListener.java:35)
	at io.grpc.ForwardingServerCallListener.onHalfClose(ForwardingServerCallListener.java:23)
	at io.grpc.ForwardingServerCallListener$SimpleForwardingServerCallListener.onHalfClose(ForwardingServerCallListener.java:40)
	at io.grpc.Contexts$ContextualizedServerCallListener.onHalfClose(Contexts.java:86)
	at io.grpc.PartialForwardingServerCallListener.onHalfClose(PartialForwardingServerCallListener.java:35)
	at io.grpc.ForwardingServerCallListener.onHalfClose(ForwardingServerCallListener.java:23)
	at io.grpc.ForwardingServerCallListener$SimpleForwardingServerCallListener.onHalfClose(ForwardingServerCallListener.java:40)
	at io.grpc.Contexts$ContextualizedServerCallListener.onHalfClose(Contexts.java:86)
	at io.grpc.internal.ServerCallImpl$ServerStreamListenerImpl.halfClosed(ServerCallImpl.java:356)
	at io.grpc.internal.ServerImpl$JumpToApplicationThreadServerStreamListener$1HalfClosed.runInContext(ServerImpl.java:861)
	at io.grpc.internal.ContextRunnable.run(ContextRunnable.java:37)
	at io.grpc.internal.SerializingExecutor.run(SerializingExecutor.java:133)
	at java.base/java.util.concurrent.ThreadPoolExecutor.runWorker(ThreadPoolExecutor.java:1128)
	at java.base/java.util.concurrent.ThreadPoolExecutor$Worker.run(ThreadPoolExecutor.java:628)
	at java.base/java.lang.Thread.run(Thread.java:834)

Oct 07, 2026 11:11:03 AM io.gapi.emulators.netty.HttpHandler$1 onError
INFO: Exception when handling request: PERMISSION_DENIED: 
false for 'create' @ L184, false for 'create' @ L235, evaluation error at L180:26 for 'update' @ L180, false for 'update' @ L235, false for 'update' @ L180, false for 'update' @ L235
Oct 07, 2026 11:13:54 AM io.gapi.emulators.netty.HttpVersionRoutingHandler channelRead
INFO: Detected non-HTTP/2 connection.
Oct 07, 2026 11:13:54 AM io.gapi.emulators.netty.HttpVersionRoutingHandler channelRead
INFO: Detected non-HTTP/2 connection.
Oct 07, 2026 11:13:54 AM com.google.cloud.datastore.emulator.impl.util.WrappedStreamObserver onError
WARNING: Operation failed: 
false for 'create' @ L82, false for 'create' @ L235, evaluation error at L88:24 for 'update' @ L88, false for 'update' @ L235, false for 'update' @ L88, false for 'update' @ L235
com.google.cloud.datastore.core.exception.DatastoreException: 
false for 'create' @ L82, false for 'create' @ L235, evaluation error at L88:24 for 'update' @ L88, false for 'update' @ L235, false for 'update' @ L88, false for 'update' @ L235
	at com.google.cloud.datastore.core.exception.DatastoreException$Builder.build(DatastoreException.java:121)
	at com.google.cloud.datastore.emulator.impl.rules.DefaultEmulatorRulesAuthorizer.verboseError(DefaultEmulatorRulesAuthorizer.java:318)
	at com.google.cloud.datastore.emulator.impl.rules.DefaultEmulatorRulesAuthorizer.withVerboseErrors(DefaultEmulatorRulesAuthorizer.java:295)
	at com.google.cloud.datastore.emulator.impl.rules.DefaultEmulatorRulesAuthorizer.checkCommit(DefaultEmulatorRulesAuthorizer.java:114)
	at com.google.cloud.datastore.emulator.impl.firestore.FirestoreEmulatorHelper.commitHelper(FirestoreEmulatorHelper.java:360)
	at com.google.cloud.datastore.emulator.impl.firestore.FirestoreEmulatorHelper.internalCommit(FirestoreEmulatorHelper.java:314)
	at com.google.cloud.datastore.emulator.impl.firestore.CloudFirestoreV1.internalCommit(CloudFirestoreV1.java:1077)
	at com.google.cloud.datastore.emulator.impl.firestore.CloudFirestoreV1.updateDocument(CloudFirestoreV1.java:458)
	at com.google.cloud.datastore.emulator.impl.firestore.CloudFirestoreV1Router.updateDocument(CloudFirestoreV1Router.java:149)
	at com.google.cloud.datastore.emulator.firestore.v1.FirestoreV1GrpcAdapter$1.lambda$updateDocument$4(FirestoreV1GrpcAdapter.java:132)
	at com.google.cloud.datastore.emulator.firestore.v1.FirestoreV1GrpcAdapter.unary(FirestoreV1GrpcAdapter.java:72)
	at com.google.cloud.datastore.emulator.firestore.v1.FirestoreV1GrpcAdapter$1.updateDocument(FirestoreV1GrpcAdapter.java:132)
	at com.google.firestore.v1.FirestoreGrpc$MethodHandlers.invoke(FirestoreGrpc.java:1218)
	at io.grpc.stub.ServerCalls$UnaryServerCallHandler$UnaryServerCallListener.onHalfClose(ServerCalls.java:182)
	at io.grpc.PartialForwardingServerCallListener.onHalfClose(PartialForwardingServerCallListener.java:35)
	at io.grpc.ForwardingServerCallListener.onHalfClose(ForwardingServerCallListener.java:23)
	at io.grpc.ForwardingServerCallListener$SimpleForwardingServerCallListener.onHalfClose(ForwardingServerCallListener.java:40)
	at io.grpc.Contexts$ContextualizedServerCallListener.onHalfClose(Contexts.java:86)
	at io.grpc.PartialForwardingServerCallListener.onHalfClose(PartialForwardingServerCallListener.java:35)
	at io.grpc.ForwardingServerCallListener.onHalfClose(ForwardingServerCallListener.java:23)
	at io.grpc.ForwardingServerCallListener$SimpleForwardingServerCallListener.onHalfClose(ForwardingServerCallListener.java:40)
	at io.grpc.Contexts$ContextualizedServerCallListener.onHalfClose(Contexts.java:86)
	at io.grpc.internal.ServerCallImpl$ServerStreamListenerImpl.halfClosed(ServerCallImpl.java:356)
	at io.grpc.internal.ServerImpl$JumpToApplicationThreadServerStreamListener$1HalfClosed.runInContext(ServerImpl.java:861)
	at io.grpc.internal.ContextRunnable.run(ContextRunnable.java:37)
	at io.grpc.internal.SerializingExecutor.run(SerializingExecutor.java:133)
	at java.base/java.util.concurrent.ThreadPoolExecutor.runWorker(ThreadPoolExecutor.java:1128)
	at java.base/java.util.concurrent.ThreadPoolExecutor$Worker.run(ThreadPoolExecutor.java:628)
	at java.base/java.lang.Thread.run(Thread.java:834)

Oct 07, 2026 11:13:54 AM io.gapi.emulators.netty.HttpHandler$1 onError
INFO: Exception when handling request: PERMISSION_DENIED: 
false for 'create' @ L82, false for 'create' @ L235, evaluation error at L88:24 for 'update' @ L88, false for 'update' @ L235, false for 'update' @ L88, false for 'update' @ L235
Oct 07, 2026 11:13:55 AM com.google.cloud.datastore.emulator.impl.util.WrappedStreamObserver onError
WARNING: Operation failed: 
false for 'get' @ L177, false for 'get' @ L235
com.google.cloud.datastore.core.exception.DatastoreException: 
false for 'get' @ L177, false for 'get' @ L235
	at com.google.cloud.datastore.core.exception.DatastoreException$Builder.build(DatastoreException.java:121)
	at com.google.cloud.datastore.emulator.impl.rules.DefaultEmulatorRulesAuthorizer.verboseError(DefaultEmulatorRulesAuthorizer.java:318)
	at com.google.cloud.datastore.emulator.impl.rules.DefaultEmulatorRulesAuthorizer.withVerboseErrors(DefaultEmulatorRulesAuthorizer.java:295)
	at com.google.cloud.datastore.emulator.impl.rules.DefaultEmulatorRulesAuthorizer.checkLookup(DefaultEmulatorRulesAuthorizer.java:153)
	at com.google.cloud.datastore.emulator.impl.firestore.FirestoreEmulatorHelper.snapshotRead(FirestoreEmulatorHelper.java:286)
	at com.google.cloud.datastore.emulator.impl.firestore.FirestoreEmulatorHelper.lambda$read$0(FirestoreEmulatorHelper.java:245)
	at com.google.cloud.datastore.emulator.impl.transactions.EmulatorTransactionManager$ReadOnlyTransaction.fold(EmulatorTransactionManager.java:461)
	at com.google.cloud.datastore.emulator.impl.firestore.FirestoreEmulatorHelper.read(FirestoreEmulatorHelper.java:244)
	at com.google.cloud.datastore.emulator.impl.firestore.CloudFirestoreV1.getDocument(CloudFirestoreV1.java:331)
	at com.google.cloud.datastore.emulator.impl.firestore.CloudFirestoreV1Router.getDocument(CloudFirestoreV1Router.java:129)
	at com.google.cloud.datastore.emulator.impl.firestore.CloudFirestoreV1Router.getOrListDocuments(CloudFirestoreV1Router.java:123)
	at com.google.cloud.datastore.emulator.firestore.v1.FirestoreV1GrpcAdapter$1.lambda$getOrListDocuments$0(FirestoreV1GrpcAdapter.java:108)
	at com.google.cloud.datastore.emulator.firestore.v1.FirestoreV1GrpcAdapter.unary(FirestoreV1GrpcAdapter.java:72)
	at com.google.cloud.datastore.emulator.firestore.v1.FirestoreV1GrpcAdapter$1.getOrListDocuments(FirestoreV1GrpcAdapter.java:108)
	at com.google.firestore.v1.FirestoreGrpc$MethodHandlers.invoke(FirestoreGrpc.java:1206)
	at io.grpc.stub.ServerCalls$UnaryServerCallHandler$UnaryServerCallListener.onHalfClose(ServerCalls.java:182)
	at io.grpc.PartialForwardingServerCallListener.onHalfClose(PartialForwardingServerCallListener.java:35)
	at io.grpc.ForwardingServerCallListener.onHalfClose(ForwardingServerCallListener.java:23)
	at io.grpc.ForwardingServerCallListener$SimpleForwardingServerCallListener.onHalfClose(ForwardingServerCallListener.java:40)
	at io.grpc.Contexts$ContextualizedServerCallListener.onHalfClose(Contexts.java:86)
	at io.grpc.PartialForwardingServerCallListener.onHalfClose(PartialForwardingServerCallListener.java:35)
	at io.grpc.ForwardingServerCallListener.onHalfClose(ForwardingServerCallListener.java:23)
	at io.grpc.ForwardingServerCallListener$SimpleForwardingServerCallListener.onHalfClose(ForwardingServerCallListener.java:40)
	at io.grpc.Contexts$ContextualizedServerCallListener.onHalfClose(Contexts.java:86)
	at io.grpc.internal.ServerCallImpl$ServerStreamListenerImpl.halfClosed(ServerCallImpl.java:356)
	at io.grpc.internal.ServerImpl$JumpToApplicationThreadServerStreamListener$1HalfClosed.runInContext(ServerImpl.java:861)
	at io.grpc.internal.ContextRunnable.run(ContextRunnable.java:37)
	at io.grpc.internal.SerializingExecutor.run(SerializingExecutor.java:133)
	at java.base/java.util.concurrent.ThreadPoolExecutor.runWorker(ThreadPoolExecutor.java:1128)
	at java.base/java.util.concurrent.ThreadPoolExecutor$Worker.run(ThreadPoolExecutor.java:628)
	at java.base/java.lang.Thread.run(Thread.java:834)

Oct 07, 2026 11:13:55 AM io.gapi.emulators.netty.HttpHandler$1 onError
INFO: Exception when handling request: PERMISSION_DENIED: 
false for 'get' @ L177, false for 'get' @ L235
Oct 07, 2026 11:13:55 AM com.google.cloud.datastore.emulator.impl.util.WrappedStreamObserver onError
WARNING: Operation failed: 
false for 'get' @ L190, false for 'get' @ L235
com.google.cloud.datastore.core.exception.DatastoreException: 
false for 'get' @ L190, false for 'get' @ L235
	at com.google.cloud.datastore.core.exception.DatastoreException$Builder.build(DatastoreException.java:121)
	at com.google.cloud.datastore.emulator.impl.rules.DefaultEmulatorRulesAuthorizer.verboseError(DefaultEmulatorRulesAuthorizer.java:318)
	at com.google.cloud.datastore.emulator.impl.rules.DefaultEmulatorRulesAuthorizer.withVerboseErrors(DefaultEmulatorRulesAuthorizer.java:295)
	at com.google.cloud.datastore.emulator.impl.rules.DefaultEmulatorRulesAuthorizer.checkLookup(DefaultEmulatorRulesAuthorizer.java:153)
	at com.google.cloud.datastore.emulator.impl.firestore.FirestoreEmulatorHelper.snapshotRead(FirestoreEmulatorHelper.java:286)
	at com.google.cloud.datastore.emulator.impl.firestore.FirestoreEmulatorHelper.lambda$read$0(FirestoreEmulatorHelper.java:245)
	at com.google.cloud.datastore.emulator.impl.transactions.EmulatorTransactionManager$ReadOnlyTransaction.fold(EmulatorTransactionManager.java:461)
	at com.google.cloud.datastore.emulator.impl.firestore.FirestoreEmulatorHelper.read(FirestoreEmulatorHelper.java:244)
	at com.google.cloud.datastore.emulator.impl.firestore.CloudFirestoreV1.getDocument(CloudFirestoreV1.java:331)
	at com.google.cloud.datastore.emulator.impl.firestore.CloudFirestoreV1Router.getDocument(CloudFirestoreV1Router.java:129)
	at com.google.cloud.datastore.emulator.impl.firestore.CloudFirestoreV1Router.getOrListDocuments(CloudFirestoreV1Router.java:123)
	at com.google.cloud.datastore.emulator.firestore.v1.FirestoreV1GrpcAdapter$1.lambda$getOrListDocuments$0(FirestoreV1GrpcAdapter.java:108)
	at com.google.cloud.datastore.emulator.firestore.v1.FirestoreV1GrpcAdapter.unary(FirestoreV1GrpcAdapter.java:72)
	at com.google.cloud.datastore.emulator.firestore.v1.FirestoreV1GrpcAdapter$1.getOrListDocuments(FirestoreV1GrpcAdapter.java:108)
	at com.google.firestore.v1.FirestoreGrpc$MethodHandlers.invoke(FirestoreGrpc.java:1206)
	at io.grpc.stub.ServerCalls$UnaryServerCallHandler$UnaryServerCallListener.onHalfClose(ServerCalls.java:182)
	at io.grpc.PartialForwardingServerCallListener.onHalfClose(PartialForwardingServerCallListener.java:35)
	at io.grpc.ForwardingServerCallListener.onHalfClose(ForwardingServerCallListener.java:23)
	at io.grpc.ForwardingServerCallListener$SimpleForwardingServerCallListener.onHalfClose(ForwardingServerCallListener.java:40)
	at io.grpc.Contexts$ContextualizedServerCallListener.onHalfClose(Contexts.java:86)
	at io.grpc.PartialForwardingServerCallListener.onHalfClose(PartialForwardingServerCallListener.java:35)
	at io.grpc.ForwardingServerCallListener.onHalfClose(ForwardingServerCallListener.java:23)
	at io.grpc.ForwardingServerCallListener$SimpleForwardingServerCallListener.onHalfClose(ForwardingServerCallListener.java:40)
	at io.grpc.Contexts$ContextualizedServerCallListener.onHalfClose(Contexts.java:86)
	at io.grpc.internal.ServerCallImpl$ServerStreamListenerImpl.halfClosed(ServerCallImpl.java:356)
	at io.grpc.internal.ServerImpl$JumpToApplicationThreadServerStreamListener$1HalfClosed.runInContext(ServerImpl.java:861)
	at io.grpc.internal.ContextRunnable.run(ContextRunnable.java:37)
	at io.grpc.internal.SerializingExecutor.run(SerializingExecutor.java:133)
	at java.base/java.util.concurrent.ThreadPoolExecutor.runWorker(ThreadPoolExecutor.java:1128)
	at java.base/java.util.concurrent.ThreadPoolExecutor$Worker.run(ThreadPoolExecutor.java:628)
	at java.base/java.lang.Thread.run(Thread.java:834)

Oct 07, 2026 11:13:55 AM io.gapi.emulators.netty.HttpHandler$1 onError
INFO: Exception when handling request: PERMISSION_DENIED: 
false for 'get' @ L190, false for 'get' @ L235
Oct 07, 2026 11:13:55 AM com.google.cloud.datastore.emulator.impl.util.WrappedStreamObserver onError
WARNING: Operation failed: 
evaluation error at L165:27 for 'get' @ L165, false for 'get' @ L235, false for 'get' @ L165, false for 'get' @ L235
com.google.cloud.datastore.core.exception.DatastoreException: 
evaluation error at L165:27 for 'get' @ L165, false for 'get' @ L235, false for 'get' @ L165, false for 'get' @ L235
	at com.google.cloud.datastore.core.exception.DatastoreException$Builder.build(DatastoreException.java:121)
	at com.google.cloud.datastore.emulator.impl.rules.DefaultEmulatorRulesAuthorizer.verboseError(DefaultEmulatorRulesAuthorizer.java:318)
	at com.google.cloud.datastore.emulator.impl.rules.DefaultEmulatorRulesAuthorizer.withVerboseErrors(DefaultEmulatorRulesAuthorizer.java:295)
	at com.google.cloud.datastore.emulator.impl.rules.DefaultEmulatorRulesAuthorizer.checkLookup(DefaultEmulatorRulesAuthorizer.java:153)
	at com.google.cloud.datastore.emulator.impl.firestore.FirestoreEmulatorHelper.snapshotRead(FirestoreEmulatorHelper.java:286)
	at com.google.cloud.datastore.emulator.impl.firestore.FirestoreEmulatorHelper.lambda$read$0(FirestoreEmulatorHelper.java:245)
	at com.google.cloud.datastore.emulator.impl.transactions.EmulatorTransactionManager$ReadOnlyTransaction.fold(EmulatorTransactionManager.java:461)
	at com.google.cloud.datastore.emulator.impl.firestore.FirestoreEmulatorHelper.read(FirestoreEmulatorHelper.java:244)
	at com.google.cloud.datastore.emulator.impl.firestore.CloudFirestoreV1.getDocument(CloudFirestoreV1.java:331)
	at com.google.cloud.datastore.emulator.impl.firestore.CloudFirestoreV1Router.getDocument(CloudFirestoreV1Router.java:129)
	at com.google.cloud.datastore.emulator.impl.firestore.CloudFirestoreV1Router.getOrListDocuments(CloudFirestoreV1Router.java:123)
	at com.google.cloud.datastore.emulator.firestore.v1.FirestoreV1GrpcAdapter$1.lambda$getOrListDocuments$0(FirestoreV1GrpcAdapter.java:108)
	at com.google.cloud.datastore.emulator.firestore.v1.FirestoreV1GrpcAdapter.unary(FirestoreV1GrpcAdapter.java:72)
	at com.google.cloud.datastore.emulator.firestore.v1.FirestoreV1GrpcAdapter$1.getOrListDocuments(FirestoreV1GrpcAdapter.java:108)
	at com.google.firestore.v1.FirestoreGrpc$MethodHandlers.invoke(FirestoreGrpc.java:1206)
	at io.grpc.stub.ServerCalls$UnaryServerCallHandler$UnaryServerCallListener.onHalfClose(ServerCalls.java:182)
	at io.grpc.PartialForwardingServerCallListener.onHalfClose(PartialForwardingServerCallListener.java:35)
	at io.grpc.ForwardingServerCallListener.onHalfClose(ForwardingServerCallListener.java:23)
	at io.grpc.ForwardingServerCallListener$SimpleForwardingServerCallListener.onHalfClose(ForwardingServerCallListener.java:40)
	at io.grpc.Contexts$ContextualizedServerCallListener.onHalfClose(Contexts.java:86)
	at io.grpc.PartialForwardingServerCallListener.onHalfClose(PartialForwardingServerCallListener.java:35)
	at io.grpc.ForwardingServerCallListener.onHalfClose(ForwardingServerCallListener.java:23)
	at io.grpc.ForwardingServerCallListener$SimpleForwardingServerCallListener.onHalfClose(ForwardingServerCallListener.java:40)
	at io.grpc.Contexts$ContextualizedServerCallListener.onHalfClose(Contexts.java:86)
	at io.grpc.internal.ServerCallImpl$ServerStreamListenerImpl.halfClosed(ServerCallImpl.java:356)
	at io.grpc.internal.ServerImpl$JumpToApplicationThreadServerStreamListener$1HalfClosed.runInContext(ServerImpl.java:861)
	at io.grpc.internal.ContextRunnable.run(ContextRunnable.java:37)
	at io.grpc.internal.SerializingExecutor.run(SerializingExecutor.java:133)
	at java.base/java.util.concurrent.ThreadPoolExecutor.runWorker(ThreadPoolExecutor.java:1128)
	at java.base/java.util.concurrent.ThreadPoolExecutor$Worker.run(ThreadPoolExecutor.java:628)
	at java.base/java.lang.Thread.run(Thread.java:834)

Oct 07, 2026 11:13:55 AM io.gapi.emulators.netty.HttpHandler$1 onError
INFO: Exception when handling request: PERMISSION_DENIED: 
evaluation error at L165:27 for 'get' @ L165, false for 'get' @ L235, false for 'get' @ L165, false for 'get' @ L235
Oct 07, 2026 11:13:55 AM com.google.cloud.datastore.emulator.impl.util.WrappedStreamObserver onError
WARNING: Operation failed: 
false for 'get' @ L177, false for 'get' @ L235
com.google.cloud.datastore.core.exception.DatastoreException: 
false for 'get' @ L177, false for 'get' @ L235
	at com.google.cloud.datastore.core.exception.DatastoreException$Builder.build(DatastoreException.java:121)
	at com.google.cloud.datastore.emulator.impl.rules.DefaultEmulatorRulesAuthorizer.verboseError(DefaultEmulatorRulesAuthorizer.java:318)
	at com.google.cloud.datastore.emulator.impl.rules.DefaultEmulatorRulesAuthorizer.withVerboseErrors(DefaultEmulatorRulesAuthorizer.java:295)
	at com.google.cloud.datastore.emulator.impl.rules.DefaultEmulatorRulesAuthorizer.checkLookup(DefaultEmulatorRulesAuthorizer.java:153)
	at com.google.cloud.datastore.emulator.impl.firestore.FirestoreEmulatorHelper.snapshotRead(FirestoreEmulatorHelper.java:286)
	at com.google.cloud.datastore.emulator.impl.firestore.FirestoreEmulatorHelper.lambda$read$0(FirestoreEmulatorHelper.java:245)
	at com.google.cloud.datastore.emulator.impl.transactions.EmulatorTransactionManager$ReadOnlyTransaction.fold(EmulatorTransactionManager.java:461)
	at com.google.cloud.datastore.emulator.impl.firestore.FirestoreEmulatorHelper.read(FirestoreEmulatorHelper.java:244)
	at com.google.cloud.datastore.emulator.impl.firestore.CloudFirestoreV1.getDocument(CloudFirestoreV1.java:331)
	at com.google.cloud.datastore.emulator.impl.firestore.CloudFirestoreV1Router.getDocument(CloudFirestoreV1Router.java:129)
	at com.google.cloud.datastore.emulator.impl.firestore.CloudFirestoreV1Router.getOrListDocuments(CloudFirestoreV1Router.java:123)
	at com.google.cloud.datastore.emulator.firestore.v1.FirestoreV1GrpcAdapter$1.lambda$getOrListDocuments$0(FirestoreV1GrpcAdapter.java:108)
	at com.google.cloud.datastore.emulator.firestore.v1.FirestoreV1GrpcAdapter.unary(FirestoreV1GrpcAdapter.java:72)
	at com.google.cloud.datastore.emulator.firestore.v1.FirestoreV1GrpcAdapter$1.getOrListDocuments(FirestoreV1GrpcAdapter.java:108)
	at com.google.firestore.v1.FirestoreGrpc$MethodHandlers.invoke(FirestoreGrpc.java:1206)
	at io.grpc.stub.ServerCalls$UnaryServerCallHandler$UnaryServerCallListener.onHalfClose(ServerCalls.java:182)
	at io.grpc.PartialForwardingServerCallListener.onHalfClose(PartialForwardingServerCallListener.java:35)
	at io.grpc.ForwardingServerCallListener.onHalfClose(ForwardingServerCallListener.java:23)
	at io.grpc.ForwardingServerCallListener$SimpleForwardingServerCallListener.onHalfClose(ForwardingServerCallListener.java:40)
	at io.grpc.Contexts$ContextualizedServerCallListener.onHalfClose(Contexts.java:86)
	at io.grpc.PartialForwardingServerCallListener.onHalfClose(PartialForwardingServerCallListener.java:35)
	at io.grpc.ForwardingServerCallListener.onHalfClose(ForwardingServerCallListener.java:23)
	at io.grpc.ForwardingServerCallListener$SimpleForwardingServerCallListener.onHalfClose(ForwardingServerCallListener.java:40)
	at io.grpc.Contexts$ContextualizedServerCallListener.onHalfClose(Contexts.java:86)
	at io.grpc.internal.ServerCallImpl$ServerStreamListenerImpl.halfClosed(ServerCallImpl.java:356)
	at io.grpc.internal.ServerImpl$JumpToApplicationThreadServerStreamListener$1HalfClosed.runInContext(ServerImpl.java:861)
	at io.grpc.internal.ContextRunnable.run(ContextRunnable.java:37)
	at io.grpc.internal.SerializingExecutor.run(SerializingExecutor.java:133)
	at java.base/java.util.concurrent.ThreadPoolExecutor.runWorker(ThreadPoolExecutor.java:1128)
	at java.base/java.util.concurrent.ThreadPoolExecutor$Worker.run(ThreadPoolExecutor.java:628)
	at java.base/java.lang.Thread.run(Thread.java:834)

Oct 07, 2026 11:13:55 AM io.gapi.emulators.netty.HttpHandler$1 onError
INFO: Exception when handling request: PERMISSION_DENIED: 
false for 'get' @ L177, false for 'get' @ L235
Oct 07, 2026 11:13:55 AM com.google.cloud.datastore.emulator.impl.util.WrappedStreamObserver onError
WARNING: Operation failed: 
false for 'create' @ L166, false for 'create' @ L235, false for 'update' @ L166, false for 'update' @ L235
com.google.cloud.datastore.core.exception.DatastoreException: 
false for 'create' @ L166, false for 'create' @ L235, false for 'update' @ L166, false for 'update' @ L235
	at com.google.cloud.datastore.core.exception.DatastoreException$Builder.build(DatastoreException.java:121)
	at com.google.cloud.datastore.emulator.impl.rules.DefaultEmulatorRulesAuthorizer.verboseError(DefaultEmulatorRulesAuthorizer.java:318)
	at com.google.cloud.datastore.emulator.impl.rules.DefaultEmulatorRulesAuthorizer.withVerboseErrors(DefaultEmulatorRulesAuthorizer.java:295)
	at com.google.cloud.datastore.emulator.impl.rules.DefaultEmulatorRulesAuthorizer.checkCommit(DefaultEmulatorRulesAuthorizer.java:114)
	at com.google.cloud.datastore.emulator.impl.firestore.FirestoreEmulatorHelper.commitHelper(FirestoreEmulatorHelper.java:360)
	at com.google.cloud.datastore.emulator.impl.firestore.FirestoreEmulatorHelper.internalCommit(FirestoreEmulatorHelper.java:314)
	at com.google.cloud.datastore.emulator.impl.firestore.CloudFirestoreV1.internalCommit(CloudFirestoreV1.java:1077)
	at com.google.cloud.datastore.emulator.impl.firestore.CloudFirestoreV1.updateDocument(CloudFirestoreV1.java:458)
	at com.google.cloud.datastore.emulator.impl.firestore.CloudFirestoreV1Router.updateDocument(CloudFirestoreV1Router.java:149)
	at com.google.cloud.datastore.emulator.firestore.v1.FirestoreV1GrpcAdapter$1.lambda$updateDocument$4(FirestoreV1GrpcAdapter.java:132)
	at com.google.cloud.datastore.emulator.firestore.v1.FirestoreV1GrpcAdapter.unary(FirestoreV1GrpcAdapter.java:72)
	at com.google.cloud.datastore.emulator.firestore.v1.FirestoreV1GrpcAdapter$1.updateDocument(FirestoreV1GrpcAdapter.java:132)
	at com.google.firestore.v1.FirestoreGrpc$MethodHandlers.invoke(FirestoreGrpc.java:1218)
	at io.grpc.stub.ServerCalls$UnaryServerCallHandler$UnaryServerCallListener.onHalfClose(ServerCalls.java:182)
	at io.grpc.PartialForwardingServerCallListener.onHalfClose(PartialForwardingServerCallListener.java:35)
	at io.grpc.ForwardingServerCallListener.onHalfClose(ForwardingServerCallListener.java:23)
	at io.grpc.ForwardingServerCallListener$SimpleForwardingServerCallListener.onHalfClose(ForwardingServerCallListener.java:40)
	at io.grpc.Contexts$ContextualizedServerCallListener.onHalfClose(Contexts.java:86)
	at io.grpc.PartialForwardingServerCallListener.onHalfClose(PartialForwardingServerCallListener.java:35)
	at io.grpc.ForwardingServerCallListener.onHalfClose(ForwardingServerCallListener.java:23)
	at io.grpc.ForwardingServerCallListener$SimpleForwardingServerCallListener.onHalfClose(ForwardingServerCallListener.java:40)
	at io.grpc.Contexts$ContextualizedServerCallListener.onHalfClose(Contexts.java:86)
	at io.grpc.internal.ServerCallImpl$ServerStreamListenerImpl.halfClosed(ServerCallImpl.java:356)
	at io.grpc.internal.ServerImpl$JumpToApplicationThreadServerStreamListener$1HalfClosed.runInContext(ServerImpl.java:861)
	at io.grpc.internal.ContextRunnable.run(ContextRunnable.java:37)
	at io.grpc.internal.SerializingExecutor.run(SerializingExecutor.java:133)
	at java.base/java.util.concurrent.ThreadPoolExecutor.runWorker(ThreadPoolExecutor.java:1128)
	at java.base/java.util.concurrent.ThreadPoolExecutor$Worker.run(ThreadPoolExecutor.java:628)
	at java.base/java.lang.Thread.run(Thread.java:834)

Oct 07, 2026 11:13:55 AM io.gapi.emulators.netty.HttpHandler$1 onError
INFO: Exception when handling request: PERMISSION_DENIED: 
false for 'create' @ L166, false for 'create' @ L235, false for 'update' @ L166, false for 'update' @ L235
Oct 07, 2026 11:13:55 AM com.google.cloud.datastore.emulator.impl.util.WrappedStreamObserver onError
WARNING: Operation failed: 
false for 'create' @ L184, false for 'create' @ L235, evaluation error at L180:26 for 'update' @ L180, false for 'update' @ L235, false for 'update' @ L180, false for 'update' @ L235
com.google.cloud.datastore.core.exception.DatastoreException: 
false for 'create' @ L184, false for 'create' @ L235, evaluation error at L180:26 for 'update' @ L180, false for 'update' @ L235, false for 'update' @ L180, false for 'update' @ L235
	at com.google.cloud.datastore.core.exception.DatastoreException$Builder.build(DatastoreException.java:121)
	at com.google.cloud.datastore.emulator.impl.rules.DefaultEmulatorRulesAuthorizer.verboseError(DefaultEmulatorRulesAuthorizer.java:318)
	at com.google.cloud.datastore.emulator.impl.rules.DefaultEmulatorRulesAuthorizer.withVerboseErrors(DefaultEmulatorRulesAuthorizer.java:295)
	at com.google.cloud.datastore.emulator.impl.rules.DefaultEmulatorRulesAuthorizer.checkCommit(DefaultEmulatorRulesAuthorizer.java:114)
	at com.google.cloud.datastore.emulator.impl.firestore.FirestoreEmulatorHelper.commitHelper(FirestoreEmulatorHelper.java:360)
	at com.google.cloud.datastore.emulator.impl.firestore.FirestoreEmulatorHelper.internalCommit(FirestoreEmulatorHelper.java:314)
	at com.google.cloud.datastore.emulator.impl.firestore.CloudFirestoreV1.internalCommit(CloudFirestoreV1.java:1077)
	at com.google.cloud.datastore.emulator.impl.firestore.CloudFirestoreV1.updateDocument(CloudFirestoreV1.java:458)
	at com.google.cloud.datastore.emulator.impl.firestore.CloudFirestoreV1Router.updateDocument(CloudFirestoreV1Router.java:149)
	at com.google.cloud.datastore.emulator.firestore.v1.FirestoreV1GrpcAdapter$1.lambda$updateDocument$4(FirestoreV1GrpcAdapter.java:132)
	at com.google.cloud.datastore.emulator.firestore.v1.FirestoreV1GrpcAdapter.unary(FirestoreV1GrpcAdapter.java:72)
	at com.google.cloud.datastore.emulator.firestore.v1.FirestoreV1GrpcAdapter$1.updateDocument(FirestoreV1GrpcAdapter.java:132)
	at com.google.firestore.v1.FirestoreGrpc$MethodHandlers.invoke(FirestoreGrpc.java:1218)
	at io.grpc.stub.ServerCalls$UnaryServerCallHandler$UnaryServerCallListener.onHalfClose(ServerCalls.java:182)
	at io.grpc.PartialForwardingServerCallListener.onHalfClose(PartialForwardingServerCallListener.java:35)
	at io.grpc.ForwardingServerCallListener.onHalfClose(ForwardingServerCallListener.java:23)
	at io.grpc.ForwardingServerCallListener$SimpleForwardingServerCallListener.onHalfClose(ForwardingServerCallListener.java:40)
	at io.grpc.Contexts$ContextualizedServerCallListener.onHalfClose(Contexts.java:86)
	at io.grpc.PartialForwardingServerCallListener.onHalfClose(PartialForwardingServerCallListener.java:35)
	at io.grpc.ForwardingServerCallListener.onHalfClose(ForwardingServerCallListener.java:23)
	at io.grpc.ForwardingServerCallListener$SimpleForwardingServerCallListener.onHalfClose(ForwardingServerCallListener.java:40)
	at io.grpc.Contexts$ContextualizedServerCallListener.onHalfClose(Contexts.java:86)
	at io.grpc.internal.ServerCallImpl$ServerStreamListenerImpl.halfClosed(ServerCallImpl.java:356)
	at io.grpc.internal.ServerImpl$JumpToApplicationThreadServerStreamListener$1HalfClosed.runInContext(ServerImpl.java:861)
	at io.grpc.internal.ContextRunnable.run(ContextRunnable.java:37)
	at io.grpc.internal.SerializingExecutor.run(SerializingExecutor.java:133)
	at java.base/java.util.concurrent.ThreadPoolExecutor.runWorker(ThreadPoolExecutor.java:1128)
	at java.base/java.util.concurrent.ThreadPoolExecutor$Worker.run(ThreadPoolExecutor.java:628)
	at java.base/java.lang.Thread.run(Thread.java:834)

Oct 07, 2026 11:13:55 AM io.gapi.emulators.netty.HttpHandler$1 onError
INFO: Exception when handling request: PERMISSION_DENIED: 
false for 'create' @ L184, false for 'create' @ L235, evaluation error at L180:26 for 'update' @ L180, false for 'update' @ L235, false for 'update' @ L180, false for 'update' @ L235
Oct 07, 2026 11:14:58 AM io.gapi.emulators.netty.HttpVersionRoutingHandler channelRead
INFO: Detected HTTP/2 connection.
Oct 07, 2026 11:14:58 AM io.gapi.emulators.netty.HttpVersionRoutingHandler channelRead
INFO: Detected non-HTTP/2 connection.
Oct 07, 2026 11:14:58 AM io.gapi.emulators.netty.HttpVersionRoutingHandler channelRead
INFO: Detected non-HTTP/2 connection.
Oct 07, 2026 11:14:58 AM com.google.cloud.datastore.emulator.impl.util.WrappedStreamObserver onError
WARNING: Operation failed: 
false for 'create' @ L82, false for 'create' @ L235, evaluation error at L88:24 for 'update' @ L88, false for 'update' @ L235, false for 'update' @ L88, false for 'update' @ L235
com.google.cloud.datastore.core.exception.DatastoreException: 
false for 'create' @ L82, false for 'create' @ L235, evaluation error at L88:24 for 'update' @ L88, false for 'update' @ L235, false for 'update' @ L88, false for 'update' @ L235
	at com.google.cloud.datastore.core.exception.DatastoreException$Builder.build(DatastoreException.java:121)
	at com.google.cloud.datastore.emulator.impl.rules.DefaultEmulatorRulesAuthorizer.verboseError(DefaultEmulatorRulesAuthorizer.java:318)
	at com.google.cloud.datastore.emulator.impl.rules.DefaultEmulatorRulesAuthorizer.withVerboseErrors(DefaultEmulatorRulesAuthorizer.java:295)
	at com.google.cloud.datastore.emulator.impl.rules.DefaultEmulatorRulesAuthorizer.checkCommit(DefaultEmulatorRulesAuthorizer.java:114)
	at com.google.cloud.datastore.emulator.impl.firestore.FirestoreEmulatorHelper.commitHelper(FirestoreEmulatorHelper.java:360)
	at com.google.cloud.datastore.emulator.impl.firestore.FirestoreEmulatorHelper.internalCommit(FirestoreEmulatorHelper.java:314)
	at com.google.cloud.datastore.emulator.impl.firestore.CloudFirestoreV1.internalCommit(CloudFirestoreV1.java:1077)
	at com.google.cloud.datastore.emulator.impl.firestore.CloudFirestoreV1.updateDocument(CloudFirestoreV1.java:458)
	at com.google.cloud.datastore.emulator.impl.firestore.CloudFirestoreV1Router.updateDocument(CloudFirestoreV1Router.java:149)
	at com.google.cloud.datastore.emulator.firestore.v1.FirestoreV1GrpcAdapter$1.lambda$updateDocument$4(FirestoreV1GrpcAdapter.java:132)
	at com.google.cloud.datastore.emulator.firestore.v1.FirestoreV1GrpcAdapter.unary(FirestoreV1GrpcAdapter.java:72)
	at com.google.cloud.datastore.emulator.firestore.v1.FirestoreV1GrpcAdapter$1.updateDocument(FirestoreV1GrpcAdapter.java:132)
	at com.google.firestore.v1.FirestoreGrpc$MethodHandlers.invoke(FirestoreGrpc.java:1218)
	at io.grpc.stub.ServerCalls$UnaryServerCallHandler$UnaryServerCallListener.onHalfClose(ServerCalls.java:182)
	at io.grpc.PartialForwardingServerCallListener.onHalfClose(PartialForwardingServerCallListener.java:35)
	at io.grpc.ForwardingServerCallListener.onHalfClose(ForwardingServerCallListener.java:23)
	at io.grpc.ForwardingServerCallListener$SimpleForwardingServerCallListener.onHalfClose(ForwardingServerCallListener.java:40)
	at io.grpc.Contexts$ContextualizedServerCallListener.onHalfClose(Contexts.java:86)
	at io.grpc.PartialForwardingServerCallListener.onHalfClose(PartialForwardingServerCallListener.java:35)
	at io.grpc.ForwardingServerCallListener.onHalfClose(ForwardingServerCallListener.java:23)
	at io.grpc.ForwardingServerCallListener$SimpleForwardingServerCallListener.onHalfClose(ForwardingServerCallListener.java:40)
	at io.grpc.Contexts$ContextualizedServerCallListener.onHalfClose(Contexts.java:86)
	at io.grpc.internal.ServerCallImpl$ServerStreamListenerImpl.halfClosed(ServerCallImpl.java:356)
	at io.grpc.internal.ServerImpl$JumpToApplicationThreadServerStreamListener$1HalfClosed.runInContext(ServerImpl.java:861)
	at io.grpc.internal.ContextRunnable.run(ContextRunnable.java:37)
	at io.grpc.internal.SerializingExecutor.run(SerializingExecutor.java:133)
	at java.base/java.util.concurrent.ThreadPoolExecutor.runWorker(ThreadPoolExecutor.java:1128)
	at java.base/java.util.concurrent.ThreadPoolExecutor$Worker.run(ThreadPoolExecutor.java:628)
	at java.base/java.lang.Thread.run(Thread.java:834)

Oct 07, 2026 11:14:58 AM io.gapi.emulators.netty.HttpHandler$1 onError
INFO: Exception when handling request: PERMISSION_DENIED: 
false for 'create' @ L82, false for 'create' @ L235, evaluation error at L88:24 for 'update' @ L88, false for 'update' @ L235, false for 'update' @ L88, false for 'update' @ L235
Oct 07, 2026 11:14:58 AM com.google.cloud.datastore.emulator.impl.util.WrappedStreamObserver onError
WARNING: Operation failed: 
false for 'get' @ L177, false for 'get' @ L235
com.google.cloud.datastore.core.exception.DatastoreException: 
false for 'get' @ L177, false for 'get' @ L235
	at com.google.cloud.datastore.core.exception.DatastoreException$Builder.build(DatastoreException.java:121)
	at com.google.cloud.datastore.emulator.impl.rules.DefaultEmulatorRulesAuthorizer.verboseError(DefaultEmulatorRulesAuthorizer.java:318)
	at com.google.cloud.datastore.emulator.impl.rules.DefaultEmulatorRulesAuthorizer.withVerboseErrors(DefaultEmulatorRulesAuthorizer.java:295)
	at com.google.cloud.datastore.emulator.impl.rules.DefaultEmulatorRulesAuthorizer.checkLookup(DefaultEmulatorRulesAuthorizer.java:153)
	at com.google.cloud.datastore.emulator.impl.firestore.FirestoreEmulatorHelper.snapshotRead(FirestoreEmulatorHelper.java:286)
	at com.google.cloud.datastore.emulator.impl.firestore.FirestoreEmulatorHelper.lambda$read$0(FirestoreEmulatorHelper.java:245)
	at com.google.cloud.datastore.emulator.impl.transactions.EmulatorTransactionManager$ReadOnlyTransaction.fold(EmulatorTransactionManager.java:461)
	at com.google.cloud.datastore.emulator.impl.firestore.FirestoreEmulatorHelper.read(FirestoreEmulatorHelper.java:244)
	at com.google.cloud.datastore.emulator.impl.firestore.CloudFirestoreV1.getDocument(CloudFirestoreV1.java:331)
	at com.google.cloud.datastore.emulator.impl.firestore.CloudFirestoreV1Router.getDocument(CloudFirestoreV1Router.java:129)
	at com.google.cloud.datastore.emulator.impl.firestore.CloudFirestoreV1Router.getOrListDocuments(CloudFirestoreV1Router.java:123)
	at com.google.cloud.datastore.emulator.firestore.v1.FirestoreV1GrpcAdapter$1.lambda$getOrListDocuments$0(FirestoreV1GrpcAdapter.java:108)
	at com.google.cloud.datastore.emulator.firestore.v1.FirestoreV1GrpcAdapter.unary(FirestoreV1GrpcAdapter.java:72)
	at com.google.cloud.datastore.emulator.firestore.v1.FirestoreV1GrpcAdapter$1.getOrListDocuments(FirestoreV1GrpcAdapter.java:108)
	at com.google.firestore.v1.FirestoreGrpc$MethodHandlers.invoke(FirestoreGrpc.java:1206)
	at io.grpc.stub.ServerCalls$UnaryServerCallHandler$UnaryServerCallListener.onHalfClose(ServerCalls.java:182)
	at io.grpc.PartialForwardingServerCallListener.onHalfClose(PartialForwardingServerCallListener.java:35)
	at io.grpc.ForwardingServerCallListener.onHalfClose(ForwardingServerCallListener.java:23)
	at io.grpc.ForwardingServerCallListener$SimpleForwardingServerCallListener.onHalfClose(ForwardingServerCallListener.java:40)
	at io.grpc.Contexts$ContextualizedServerCallListener.onHalfClose(Contexts.java:86)
	at io.grpc.PartialForwardingServerCallListener.onHalfClose(PartialForwardingServerCallListener.java:35)
	at io.grpc.ForwardingServerCallListener.onHalfClose(ForwardingServerCallListener.java:23)
	at io.grpc.ForwardingServerCallListener$SimpleForwardingServerCallListener.onHalfClose(ForwardingServerCallListener.java:40)
	at io.grpc.Contexts$ContextualizedServerCallListener.onHalfClose(Contexts.java:86)
	at io.grpc.internal.ServerCallImpl$ServerStreamListenerImpl.halfClosed(ServerCallImpl.java:356)
	at io.grpc.internal.ServerImpl$JumpToApplicationThreadServerStreamListener$1HalfClosed.runInContext(ServerImpl.java:861)
	at io.grpc.internal.ContextRunnable.run(ContextRunnable.java:37)
	at io.grpc.internal.SerializingExecutor.run(SerializingExecutor.java:133)
	at java.base/java.util.concurrent.ThreadPoolExecutor.runWorker(ThreadPoolExecutor.java:1128)
	at java.base/java.util.concurrent.ThreadPoolExecutor$Worker.run(ThreadPoolExecutor.java:628)
	at java.base/java.lang.Thread.run(Thread.java:834)

Oct 07, 2026 11:14:58 AM io.gapi.emulators.netty.HttpHandler$1 onError
INFO: Exception when handling request: PERMISSION_DENIED: 
false for 'get' @ L177, false for 'get' @ L235
Oct 07, 2026 11:14:58 AM com.google.cloud.datastore.emulator.impl.util.WrappedStreamObserver onError
WARNING: Operation failed: 
false for 'get' @ L190, false for 'get' @ L235
com.google.cloud.datastore.core.exception.DatastoreException: 
false for 'get' @ L190, false for 'get' @ L235
	at com.google.cloud.datastore.core.exception.DatastoreException$Builder.build(DatastoreException.java:121)
	at com.google.cloud.datastore.emulator.impl.rules.DefaultEmulatorRulesAuthorizer.verboseError(DefaultEmulatorRulesAuthorizer.java:318)
	at com.google.cloud.datastore.emulator.impl.rules.DefaultEmulatorRulesAuthorizer.withVerboseErrors(DefaultEmulatorRulesAuthorizer.java:295)
	at com.google.cloud.datastore.emulator.impl.rules.DefaultEmulatorRulesAuthorizer.checkLookup(DefaultEmulatorRulesAuthorizer.java:153)
	at com.google.cloud.datastore.emulator.impl.firestore.FirestoreEmulatorHelper.snapshotRead(FirestoreEmulatorHelper.java:286)
	at com.google.cloud.datastore.emulator.impl.firestore.FirestoreEmulatorHelper.lambda$read$0(FirestoreEmulatorHelper.java:245)
	at com.google.cloud.datastore.emulator.impl.transactions.EmulatorTransactionManager$ReadOnlyTransaction.fold(EmulatorTransactionManager.java:461)
	at com.google.cloud.datastore.emulator.impl.firestore.FirestoreEmulatorHelper.read(FirestoreEmulatorHelper.java:244)
	at com.google.cloud.datastore.emulator.impl.firestore.CloudFirestoreV1.getDocument(CloudFirestoreV1.java:331)
	at com.google.cloud.datastore.emulator.impl.firestore.CloudFirestoreV1Router.getDocument(CloudFirestoreV1Router.java:129)
	at com.google.cloud.datastore.emulator.impl.firestore.CloudFirestoreV1Router.getOrListDocuments(CloudFirestoreV1Router.java:123)
	at com.google.cloud.datastore.emulator.firestore.v1.FirestoreV1GrpcAdapter$1.lambda$getOrListDocuments$0(FirestoreV1GrpcAdapter.java:108)
	at com.google.cloud.datastore.emulator.firestore.v1.FirestoreV1GrpcAdapter.unary(FirestoreV1GrpcAdapter.java:72)
	at com.google.cloud.datastore.emulator.firestore.v1.FirestoreV1GrpcAdapter$1.getOrListDocuments(FirestoreV1GrpcAdapter.java:108)
	at com.google.firestore.v1.FirestoreGrpc$MethodHandlers.invoke(FirestoreGrpc.java:1206)
	at io.grpc.stub.ServerCalls$UnaryServerCallHandler$UnaryServerCallListener.onHalfClose(ServerCalls.java:182)
	at io.grpc.PartialForwardingServerCallListener.onHalfClose(PartialForwardingServerCallListener.java:35)
	at io.grpc.ForwardingServerCallListener.onHalfClose(ForwardingServerCallListener.java:23)
	at io.grpc.ForwardingServerCallListener$SimpleForwardingServerCallListener.onHalfClose(ForwardingServerCallListener.java:40)
	at io.grpc.Contexts$ContextualizedServerCallListener.onHalfClose(Contexts.java:86)
	at io.grpc.PartialForwardingServerCallListener.onHalfClose(PartialForwardingServerCallListener.java:35)
	at io.grpc.ForwardingServerCallListener.onHalfClose(ForwardingServerCallListener.java:23)
	at io.grpc.ForwardingServerCallListener$SimpleForwardingServerCallListener.onHalfClose(ForwardingServerCallListener.java:40)
	at io.grpc.Contexts$ContextualizedServerCallListener.onHalfClose(Contexts.java:86)
	at io.grpc.internal.ServerCallImpl$ServerStreamListenerImpl.halfClosed(ServerCallImpl.java:356)
	at io.grpc.internal.ServerImpl$JumpToApplicationThreadServerStreamListener$1HalfClosed.runInContext(ServerImpl.java:861)
	at io.grpc.internal.ContextRunnable.run(ContextRunnable.java:37)
	at io.grpc.internal.SerializingExecutor.run(SerializingExecutor.java:133)
	at java.base/java.util.concurrent.ThreadPoolExecutor.runWorker(ThreadPoolExecutor.java:1128)
	at java.base/java.util.concurrent.ThreadPoolExecutor$Worker.run(ThreadPoolExecutor.java:628)
	at java.base/java.lang.Thread.run(Thread.java:834)

Oct 07, 2026 11:14:58 AM io.gapi.emulators.netty.HttpHandler$1 onError
INFO: Exception when handling request: PERMISSION_DENIED: 
false for 'get' @ L190, false for 'get' @ L235
Oct 07, 2026 11:14:58 AM com.google.cloud.datastore.emulator.impl.util.WrappedStreamObserver onError
WARNING: Operation failed: 
evaluation error at L165:27 for 'get' @ L165, false for 'get' @ L235, false for 'get' @ L165, false for 'get' @ L235
com.google.cloud.datastore.core.exception.DatastoreException: 
evaluation error at L165:27 for 'get' @ L165, false for 'get' @ L235, false for 'get' @ L165, false for 'get' @ L235
	at com.google.cloud.datastore.core.exception.DatastoreException$Builder.build(DatastoreException.java:121)
	at com.google.cloud.datastore.emulator.impl.rules.DefaultEmulatorRulesAuthorizer.verboseError(DefaultEmulatorRulesAuthorizer.java:318)
	at com.google.cloud.datastore.emulator.impl.rules.DefaultEmulatorRulesAuthorizer.withVerboseErrors(DefaultEmulatorRulesAuthorizer.java:295)
	at com.google.cloud.datastore.emulator.impl.rules.DefaultEmulatorRulesAuthorizer.checkLookup(DefaultEmulatorRulesAuthorizer.java:153)
	at com.google.cloud.datastore.emulator.impl.firestore.FirestoreEmulatorHelper.snapshotRead(FirestoreEmulatorHelper.java:286)
	at com.google.cloud.datastore.emulator.impl.firestore.FirestoreEmulatorHelper.lambda$read$0(FirestoreEmulatorHelper.java:245)
	at com.google.cloud.datastore.emulator.impl.transactions.EmulatorTransactionManager$ReadOnlyTransaction.fold(EmulatorTransactionManager.java:461)
	at com.google.cloud.datastore.emulator.impl.firestore.FirestoreEmulatorHelper.read(FirestoreEmulatorHelper.java:244)
	at com.google.cloud.datastore.emulator.impl.firestore.CloudFirestoreV1.getDocument(CloudFirestoreV1.java:331)
	at com.google.cloud.datastore.emulator.impl.firestore.CloudFirestoreV1Router.getDocument(CloudFirestoreV1Router.java:129)
	at com.google.cloud.datastore.emulator.impl.firestore.CloudFirestoreV1Router.getOrListDocuments(CloudFirestoreV1Router.java:123)
	at com.google.cloud.datastore.emulator.firestore.v1.FirestoreV1GrpcAdapter$1.lambda$getOrListDocuments$0(FirestoreV1GrpcAdapter.java:108)
	at com.google.cloud.datastore.emulator.firestore.v1.FirestoreV1GrpcAdapter.unary(FirestoreV1GrpcAdapter.java:72)
	at com.google.cloud.datastore.emulator.firestore.v1.FirestoreV1GrpcAdapter$1.getOrListDocuments(FirestoreV1GrpcAdapter.java:108)
	at com.google.firestore.v1.FirestoreGrpc$MethodHandlers.invoke(FirestoreGrpc.java:1206)
	at io.grpc.stub.ServerCalls$UnaryServerCallHandler$UnaryServerCallListener.onHalfClose(ServerCalls.java:182)
	at io.grpc.PartialForwardingServerCallListener.onHalfClose(PartialForwardingServerCallListener.java:35)
	at io.grpc.ForwardingServerCallListener.onHalfClose(ForwardingServerCallListener.java:23)
	at io.grpc.ForwardingServerCallListener$SimpleForwardingServerCallListener.onHalfClose(ForwardingServerCallListener.java:40)
	at io.grpc.Contexts$ContextualizedServerCallListener.onHalfClose(Contexts.java:86)
	at io.grpc.PartialForwardingServerCallListener.onHalfClose(PartialForwardingServerCallListener.java:35)
	at io.grpc.ForwardingServerCallListener.onHalfClose(ForwardingServerCallListener.java:23)
	at io.grpc.ForwardingServerCallListener$SimpleForwardingServerCallListener.onHalfClose(ForwardingServerCallListener.java:40)
	at io.grpc.Contexts$ContextualizedServerCallListener.onHalfClose(Contexts.java:86)
	at io.grpc.internal.ServerCallImpl$ServerStreamListenerImpl.halfClosed(ServerCallImpl.java:356)
	at io.grpc.internal.ServerImpl$JumpToApplicationThreadServerStreamListener$1HalfClosed.runInContext(ServerImpl.java:861)
	at io.grpc.internal.ContextRunnable.run(ContextRunnable.java:37)
	at io.grpc.internal.SerializingExecutor.run(SerializingExecutor.java:133)
	at java.base/java.util.concurrent.ThreadPoolExecutor.runWorker(ThreadPoolExecutor.java:1128)
	at java.base/java.util.concurrent.ThreadPoolExecutor$Worker.run(ThreadPoolExecutor.java:628)
	at java.base/java.lang.Thread.run(Thread.java:834)

Oct 07, 2026 11:14:58 AM io.gapi.emulators.netty.HttpHandler$1 onError
INFO: Exception when handling request: PERMISSION_DENIED: 
evaluation error at L165:27 for 'get' @ L165, false for 'get' @ L235, false for 'get' @ L165, false for 'get' @ L235
Oct 07, 2026 11:14:58 AM com.google.cloud.datastore.emulator.impl.util.WrappedStreamObserver onError
WARNING: Operation failed: 
false for 'get' @ L177, false for 'get' @ L235
com.google.cloud.datastore.core.exception.DatastoreException: 
false for 'get' @ L177, false for 'get' @ L235
	at com.google.cloud.datastore.core.exception.DatastoreException$Builder.build(DatastoreException.java:121)
	at com.google.cloud.datastore.emulator.impl.rules.DefaultEmulatorRulesAuthorizer.verboseError(DefaultEmulatorRulesAuthorizer.java:318)
	at com.google.cloud.datastore.emulator.impl.rules.DefaultEmulatorRulesAuthorizer.withVerboseErrors(DefaultEmulatorRulesAuthorizer.java:295)
	at com.google.cloud.datastore.emulator.impl.rules.DefaultEmulatorRulesAuthorizer.checkLookup(DefaultEmulatorRulesAuthorizer.java:153)
	at com.google.cloud.datastore.emulator.impl.firestore.FirestoreEmulatorHelper.snapshotRead(FirestoreEmulatorHelper.java:286)
	at com.google.cloud.datastore.emulator.impl.firestore.FirestoreEmulatorHelper.lambda$read$0(FirestoreEmulatorHelper.java:245)
	at com.google.cloud.datastore.emulator.impl.transactions.EmulatorTransactionManager$ReadOnlyTransaction.fold(EmulatorTransactionManager.java:461)
	at com.google.cloud.datastore.emulator.impl.firestore.FirestoreEmulatorHelper.read(FirestoreEmulatorHelper.java:244)
	at com.google.cloud.datastore.emulator.impl.firestore.CloudFirestoreV1.getDocument(CloudFirestoreV1.java:331)
	at com.google.cloud.datastore.emulator.impl.firestore.CloudFirestoreV1Router.getDocument(CloudFirestoreV1Router.java:129)
	at com.google.cloud.datastore.emulator.impl.firestore.CloudFirestoreV1Router.getOrListDocuments(CloudFirestoreV1Router.java:123)
	at com.google.cloud.datastore.emulator.firestore.v1.FirestoreV1GrpcAdapter$1.lambda$getOrListDocuments$0(FirestoreV1GrpcAdapter.java:108)
	at com.google.cloud.datastore.emulator.firestore.v1.FirestoreV1GrpcAdapter.unary(FirestoreV1GrpcAdapter.java:72)
	at com.google.cloud.datastore.emulator.firestore.v1.FirestoreV1GrpcAdapter$1.getOrListDocuments(FirestoreV1GrpcAdapter.java:108)
	at com.google.firestore.v1.FirestoreGrpc$MethodHandlers.invoke(FirestoreGrpc.java:1206)
	at io.grpc.stub.ServerCalls$UnaryServerCallHandler$UnaryServerCallListener.onHalfClose(ServerCalls.java:182)
	at io.grpc.PartialForwardingServerCallListener.onHalfClose(PartialForwardingServerCallListener.java:35)
	at io.grpc.ForwardingServerCallListener.onHalfClose(ForwardingServerCallListener.java:23)
	at io.grpc.ForwardingServerCallListener$SimpleForwardingServerCallListener.onHalfClose(ForwardingServerCallListener.java:40)
	at io.grpc.Contexts$ContextualizedServerCallListener.onHalfClose(Contexts.java:86)
	at io.grpc.PartialForwardingServerCallListener.onHalfClose(PartialForwardingServerCallListener.java:35)
	at io.grpc.ForwardingServerCallListener.onHalfClose(ForwardingServerCallListener.java:23)
	at io.grpc.ForwardingServerCallListener$SimpleForwardingServerCallListener.onHalfClose(ForwardingServerCallListener.java:40)
	at io.grpc.Contexts$ContextualizedServerCallListener.onHalfClose(Contexts.java:86)
	at io.grpc.internal.ServerCallImpl$ServerStreamListenerImpl.halfClosed(ServerCallImpl.java:356)
	at io.grpc.internal.ServerImpl$JumpToApplicationThreadServerStreamListener$1HalfClosed.runInContext(ServerImpl.java:861)
	at io.grpc.internal.ContextRunnable.run(ContextRunnable.java:37)
	at io.grpc.internal.SerializingExecutor.run(SerializingExecutor.java:133)
	at java.base/java.util.concurrent.ThreadPoolExecutor.runWorker(ThreadPoolExecutor.java:1128)
	at java.base/java.util.concurrent.ThreadPoolExecutor$Worker.run(ThreadPoolExecutor.java:628)
	at java.base/java.lang.Thread.run(Thread.java:834)

Oct 07, 2026 11:14:58 AM io.gapi.emulators.netty.HttpHandler$1 onError
INFO: Exception when handling request: PERMISSION_DENIED: 
false for 'get' @ L177, false for 'get' @ L235
Oct 07, 2026 11:14:58 AM com.google.cloud.datastore.emulator.impl.util.WrappedStreamObserver onError
WARNING: Operation failed: 
false for 'create' @ L166, false for 'create' @ L235, false for 'update' @ L166, false for 'update' @ L235
com.google.cloud.datastore.core.exception.DatastoreException: 
false for 'create' @ L166, false for 'create' @ L235, false for 'update' @ L166, false for 'update' @ L235
	at com.google.cloud.datastore.core.exception.DatastoreException$Builder.build(DatastoreException.java:121)
	at com.google.cloud.datastore.emulator.impl.rules.DefaultEmulatorRulesAuthorizer.verboseError(DefaultEmulatorRulesAuthorizer.java:318)
	at com.google.cloud.datastore.emulator.impl.rules.DefaultEmulatorRulesAuthorizer.withVerboseErrors(DefaultEmulatorRulesAuthorizer.java:295)
	at com.google.cloud.datastore.emulator.impl.rules.DefaultEmulatorRulesAuthorizer.checkCommit(DefaultEmulatorRulesAuthorizer.java:114)
	at com.google.cloud.datastore.emulator.impl.firestore.FirestoreEmulatorHelper.commitHelper(FirestoreEmulatorHelper.java:360)
	at com.google.cloud.datastore.emulator.impl.firestore.FirestoreEmulatorHelper.internalCommit(FirestoreEmulatorHelper.java:314)
	at com.google.cloud.datastore.emulator.impl.firestore.CloudFirestoreV1.internalCommit(CloudFirestoreV1.java:1077)
	at com.google.cloud.datastore.emulator.impl.firestore.CloudFirestoreV1.updateDocument(CloudFirestoreV1.java:458)
	at com.google.cloud.datastore.emulator.impl.firestore.CloudFirestoreV1Router.updateDocument(CloudFirestoreV1Router.java:149)
	at com.google.cloud.datastore.emulator.firestore.v1.FirestoreV1GrpcAdapter$1.lambda$updateDocument$4(FirestoreV1GrpcAdapter.java:132)
	at com.google.cloud.datastore.emulator.firestore.v1.FirestoreV1GrpcAdapter.unary(FirestoreV1GrpcAdapter.java:72)
	at com.google.cloud.datastore.emulator.firestore.v1.FirestoreV1GrpcAdapter$1.updateDocument(FirestoreV1GrpcAdapter.java:132)
	at com.google.firestore.v1.FirestoreGrpc$MethodHandlers.invoke(FirestoreGrpc.java:1218)
	at io.grpc.stub.ServerCalls$UnaryServerCallHandler$UnaryServerCallListener.onHalfClose(ServerCalls.java:182)
	at io.grpc.PartialForwardingServerCallListener.onHalfClose(PartialForwardingServerCallListener.java:35)
	at io.grpc.ForwardingServerCallListener.onHalfClose(ForwardingServerCallListener.java:23)
	at io.grpc.ForwardingServerCallListener$SimpleForwardingServerCallListener.onHalfClose(ForwardingServerCallListener.java:40)
	at io.grpc.Contexts$ContextualizedServerCallListener.onHalfClose(Contexts.java:86)
	at io.grpc.PartialForwardingServerCallListener.onHalfClose(PartialForwardingServerCallListener.java:35)
	at io.grpc.ForwardingServerCallListener.onHalfClose(ForwardingServerCallListener.java:23)
	at io.grpc.ForwardingServerCallListener$SimpleForwardingServerCallListener.onHalfClose(ForwardingServerCallListener.java:40)
	at io.grpc.Contexts$ContextualizedServerCallListener.onHalfClose(Contexts.java:86)
	at io.grpc.internal.ServerCallImpl$ServerStreamListenerImpl.halfClosed(ServerCallImpl.java:356)
	at io.grpc.internal.ServerImpl$JumpToApplicationThreadServerStreamListener$1HalfClosed.runInContext(ServerImpl.java:861)
	at io.grpc.internal.ContextRunnable.run(ContextRunnable.java:37)
	at io.grpc.internal.SerializingExecutor.run(SerializingExecutor.java:133)
	at java.base/java.util.concurrent.ThreadPoolExecutor.runWorker(ThreadPoolExecutor.java:1128)
	at java.base/java.util.concurrent.ThreadPoolExecutor$Worker.run(ThreadPoolExecutor.java:628)
	at java.base/java.lang.Thread.run(Thread.java:834)

Oct 07, 2026 11:14:58 AM io.gapi.emulators.netty.HttpHandler$1 onError
INFO: Exception when handling request: PERMISSION_DENIED: 
false for 'create' @ L166, false for 'create' @ L235, false for 'update' @ L166, false for 'update' @ L235
Oct 07, 2026 11:14:58 AM com.google.cloud.datastore.emulator.impl.util.WrappedStreamObserver onError
WARNING: Operation failed: 
false for 'create' @ L184, false for 'create' @ L235, evaluation error at L180:26 for 'update' @ L180, false for 'update' @ L235, false for 'update' @ L180, false for 'update' @ L235
com.google.cloud.datastore.core.exception.DatastoreException: 
false for 'create' @ L184, false for 'create' @ L235, evaluation error at L180:26 for 'update' @ L180, false for 'update' @ L235, false for 'update' @ L180, false for 'update' @ L235
	at com.google.cloud.datastore.core.exception.DatastoreException$Builder.build(DatastoreException.java:121)
	at com.google.cloud.datastore.emulator.impl.rules.DefaultEmulatorRulesAuthorizer.verboseError(DefaultEmulatorRulesAuthorizer.java:318)
	at com.google.cloud.datastore.emulator.impl.rules.DefaultEmulatorRulesAuthorizer.withVerboseErrors(DefaultEmulatorRulesAuthorizer.java:295)
	at com.google.cloud.datastore.emulator.impl.rules.DefaultEmulatorRulesAuthorizer.checkCommit(DefaultEmulatorRulesAuthorizer.java:114)
	at com.google.cloud.datastore.emulator.impl.firestore.FirestoreEmulatorHelper.commitHelper(FirestoreEmulatorHelper.java:360)
	at com.google.cloud.datastore.emulator.impl.firestore.FirestoreEmulatorHelper.internalCommit(FirestoreEmulatorHelper.java:314)
	at com.google.cloud.datastore.emulator.impl.firestore.CloudFirestoreV1.internalCommit(CloudFirestoreV1.java:1077)
	at com.google.cloud.datastore.emulator.impl.firestore.CloudFirestoreV1.updateDocument(CloudFirestoreV1.java:458)
	at com.google.cloud.datastore.emulator.impl.firestore.CloudFirestoreV1Router.updateDocument(CloudFirestoreV1Router.java:149)
	at com.google.cloud.datastore.emulator.firestore.v1.FirestoreV1GrpcAdapter$1.lambda$updateDocument$4(FirestoreV1GrpcAdapter.java:132)
	at com.google.cloud.datastore.emulator.firestore.v1.FirestoreV1GrpcAdapter.unary(FirestoreV1GrpcAdapter.java:72)
	at com.google.cloud.datastore.emulator.firestore.v1.FirestoreV1GrpcAdapter$1.updateDocument(FirestoreV1GrpcAdapter.java:132)
	at com.google.firestore.v1.FirestoreGrpc$MethodHandlers.invoke(FirestoreGrpc.java:1218)
	at io.grpc.stub.ServerCalls$UnaryServerCallHandler$UnaryServerCallListener.onHalfClose(ServerCalls.java:182)
	at io.grpc.PartialForwardingServerCallListener.onHalfClose(PartialForwardingServerCallListener.java:35)
	at io.grpc.ForwardingServerCallListener.onHalfClose(ForwardingServerCallListener.java:23)
	at io.grpc.ForwardingServerCallListener$SimpleForwardingServerCallListener.onHalfClose(ForwardingServerCallListener.java:40)
	at io.grpc.Contexts$ContextualizedServerCallListener.onHalfClose(Contexts.java:86)
	at io.grpc.PartialForwardingServerCallListener.onHalfClose(PartialForwardingServerCallListener.java:35)
	at io.grpc.ForwardingServerCallListener.onHalfClose(ForwardingServerCallListener.java:23)
	at io.grpc.ForwardingServerCallListener$SimpleForwardingServerCallListener.onHalfClose(ForwardingServerCallListener.java:40)
	at io.grpc.Contexts$ContextualizedServerCallListener.onHalfClose(Contexts.java:86)
	at io.grpc.internal.ServerCallImpl$ServerStreamListenerImpl.halfClosed(ServerCallImpl.java:356)
	at io.grpc.internal.ServerImpl$JumpToApplicationThreadServerStreamListener$1HalfClosed.runInContext(ServerImpl.java:861)
	at io.grpc.internal.ContextRunnable.run(ContextRunnable.java:37)
	at io.grpc.internal.SerializingExecutor.run(SerializingExecutor.java:133)
	at java.base/java.util.concurrent.ThreadPoolExecutor.runWorker(ThreadPoolExecutor.java:1128)
	at java.base/java.util.concurrent.ThreadPoolExecutor$Worker.run(ThreadPoolExecutor.java:628)
	at java.base/java.lang.Thread.run(Thread.java:834)

Oct 07, 2026 11:14:58 AM io.gapi.emulators.netty.HttpHandler$1 onError
INFO: Exception when handling request: PERMISSION_DENIED: 
false for 'create' @ L184, false for 'create' @ L235, evaluation error at L180:26 for 'update' @ L180, false for 'update' @ L235, false for 'update' @ L180, false for 'update' @ L235
Oct 07, 2026 11:15:22 AM io.gapi.emulators.netty.HttpVersionRoutingHandler channelRead
INFO: Detected non-HTTP/2 connection.
Oct 07, 2026 11:15:22 AM io.gapi.emulators.netty.HttpVersionRoutingHandler channelRead
INFO: Detected non-HTTP/2 connection.
Oct 07, 2026 11:15:22 AM com.google.cloud.datastore.emulator.impl.util.WrappedStreamObserver onError
WARNING: Operation failed: 
false for 'create' @ L82, false for 'create' @ L235, evaluation error at L88:24 for 'update' @ L88, false for 'update' @ L235, false for 'update' @ L88, false for 'update' @ L235
com.google.cloud.datastore.core.exception.DatastoreException: 
false for 'create' @ L82, false for 'create' @ L235, evaluation error at L88:24 for 'update' @ L88, false for 'update' @ L235, false for 'update' @ L88, false for 'update' @ L235
	at com.google.cloud.datastore.core.exception.DatastoreException$Builder.build(DatastoreException.java:121)
	at com.google.cloud.datastore.emulator.impl.rules.DefaultEmulatorRulesAuthorizer.verboseError(DefaultEmulatorRulesAuthorizer.java:318)
	at com.google.cloud.datastore.emulator.impl.rules.DefaultEmulatorRulesAuthorizer.withVerboseErrors(DefaultEmulatorRulesAuthorizer.java:295)
	at com.google.cloud.datastore.emulator.impl.rules.DefaultEmulatorRulesAuthorizer.checkCommit(DefaultEmulatorRulesAuthorizer.java:114)
	at com.google.cloud.datastore.emulator.impl.firestore.FirestoreEmulatorHelper.commitHelper(FirestoreEmulatorHelper.java:360)
	at com.google.cloud.datastore.emulator.impl.firestore.FirestoreEmulatorHelper.internalCommit(FirestoreEmulatorHelper.java:314)
	at com.google.cloud.datastore.emulator.impl.firestore.CloudFirestoreV1.internalCommit(CloudFirestoreV1.java:1077)
	at com.google.cloud.datastore.emulator.impl.firestore.CloudFirestoreV1.updateDocument(CloudFirestoreV1.java:458)
	at com.google.cloud.datastore.emulator.impl.firestore.CloudFirestoreV1Router.updateDocument(CloudFirestoreV1Router.java:149)
	at com.google.cloud.datastore.emulator.firestore.v1.FirestoreV1GrpcAdapter$1.lambda$updateDocument$4(FirestoreV1GrpcAdapter.java:132)
	at com.google.cloud.datastore.emulator.firestore.v1.FirestoreV1GrpcAdapter.unary(FirestoreV1GrpcAdapter.java:72)
	at com.google.cloud.datastore.emulator.firestore.v1.FirestoreV1GrpcAdapter$1.updateDocument(FirestoreV1GrpcAdapter.java:132)
	at com.google.firestore.v1.FirestoreGrpc$MethodHandlers.invoke(FirestoreGrpc.java:1218)
	at io.grpc.stub.ServerCalls$UnaryServerCallHandler$UnaryServerCallListener.onHalfClose(ServerCalls.java:182)
	at io.grpc.PartialForwardingServerCallListener.onHalfClose(PartialForwardingServerCallListener.java:35)
	at io.grpc.ForwardingServerCallListener.onHalfClose(ForwardingServerCallListener.java:23)
	at io.grpc.ForwardingServerCallListener$SimpleForwardingServerCallListener.onHalfClose(ForwardingServerCallListener.java:40)
	at io.grpc.Contexts$ContextualizedServerCallListener.onHalfClose(Contexts.java:86)
	at io.grpc.PartialForwardingServerCallListener.onHalfClose(PartialForwardingServerCallListener.java:35)
	at io.grpc.ForwardingServerCallListener.onHalfClose(ForwardingServerCallListener.java:23)
	at io.grpc.ForwardingServerCallListener$SimpleForwardingServerCallListener.onHalfClose(ForwardingServerCallListener.java:40)
	at io.grpc.Contexts$ContextualizedServerCallListener.onHalfClose(Contexts.java:86)
	at io.grpc.internal.ServerCallImpl$ServerStreamListenerImpl.halfClosed(ServerCallImpl.java:356)
	at io.grpc.internal.ServerImpl$JumpToApplicationThreadServerStreamListener$1HalfClosed.runInContext(ServerImpl.java:861)
	at io.grpc.internal.ContextRunnable.run(ContextRunnable.java:37)
	at io.grpc.internal.SerializingExecutor.run(SerializingExecutor.java:133)
	at java.base/java.util.concurrent.ThreadPoolExecutor.runWorker(ThreadPoolExecutor.java:1128)
	at java.base/java.util.concurrent.ThreadPoolExecutor$Worker.run(ThreadPoolExecutor.java:628)
	at java.base/java.lang.Thread.run(Thread.java:834)

Oct 07, 2026 11:15:22 AM io.gapi.emulators.netty.HttpHandler$1 onError
INFO: Exception when handling request: PERMISSION_DENIED: 
false for 'create' @ L82, false for 'create' @ L235, evaluation error at L88:24 for 'update' @ L88, false for 'update' @ L235, false for 'update' @ L88, false for 'update' @ L235
Oct 07, 2026 11:15:23 AM com.google.cloud.datastore.emulator.impl.util.WrappedStreamObserver onError
WARNING: Operation failed: 
false for 'get' @ L177, false for 'get' @ L235
com.google.cloud.datastore.core.exception.DatastoreException: 
false for 'get' @ L177, false for 'get' @ L235
	at com.google.cloud.datastore.core.exception.DatastoreException$Builder.build(DatastoreException.java:121)
	at com.google.cloud.datastore.emulator.impl.rules.DefaultEmulatorRulesAuthorizer.verboseError(DefaultEmulatorRulesAuthorizer.java:318)
	at com.google.cloud.datastore.emulator.impl.rules.DefaultEmulatorRulesAuthorizer.withVerboseErrors(DefaultEmulatorRulesAuthorizer.java:295)
	at com.google.cloud.datastore.emulator.impl.rules.DefaultEmulatorRulesAuthorizer.checkLookup(DefaultEmulatorRulesAuthorizer.java:153)
	at com.google.cloud.datastore.emulator.impl.firestore.FirestoreEmulatorHelper.snapshotRead(FirestoreEmulatorHelper.java:286)
	at com.google.cloud.datastore.emulator.impl.firestore.FirestoreEmulatorHelper.lambda$read$0(FirestoreEmulatorHelper.java:245)
	at com.google.cloud.datastore.emulator.impl.transactions.EmulatorTransactionManager$ReadOnlyTransaction.fold(EmulatorTransactionManager.java:461)
	at com.google.cloud.datastore.emulator.impl.firestore.FirestoreEmulatorHelper.read(FirestoreEmulatorHelper.java:244)
	at com.google.cloud.datastore.emulator.impl.firestore.CloudFirestoreV1.getDocument(CloudFirestoreV1.java:331)
	at com.google.cloud.datastore.emulator.impl.firestore.CloudFirestoreV1Router.getDocument(CloudFirestoreV1Router.java:129)
	at com.google.cloud.datastore.emulator.impl.firestore.CloudFirestoreV1Router.getOrListDocuments(CloudFirestoreV1Router.java:123)
	at com.google.cloud.datastore.emulator.firestore.v1.FirestoreV1GrpcAdapter$1.lambda$getOrListDocuments$0(FirestoreV1GrpcAdapter.java:108)
	at com.google.cloud.datastore.emulator.firestore.v1.FirestoreV1GrpcAdapter.unary(FirestoreV1GrpcAdapter.java:72)
	at com.google.cloud.datastore.emulator.firestore.v1.FirestoreV1GrpcAdapter$1.getOrListDocuments(FirestoreV1GrpcAdapter.java:108)
	at com.google.firestore.v1.FirestoreGrpc$MethodHandlers.invoke(FirestoreGrpc.java:1206)
	at io.grpc.stub.ServerCalls$UnaryServerCallHandler$UnaryServerCallListener.onHalfClose(ServerCalls.java:182)
	at io.grpc.PartialForwardingServerCallListener.onHalfClose(PartialForwardingServerCallListener.java:35)
	at io.grpc.ForwardingServerCallListener.onHalfClose(ForwardingServerCallListener.java:23)
	at io.grpc.ForwardingServerCallListener$SimpleForwardingServerCallListener.onHalfClose(ForwardingServerCallListener.java:40)
	at io.grpc.Contexts$ContextualizedServerCallListener.onHalfClose(Contexts.java:86)
	at io.grpc.PartialForwardingServerCallListener.onHalfClose(PartialForwardingServerCallListener.java:35)
	at io.grpc.ForwardingServerCallListener.onHalfClose(ForwardingServerCallListener.java:23)
	at io.grpc.ForwardingServerCallListener$SimpleForwardingServerCallListener.onHalfClose(ForwardingServerCallListener.java:40)
	at io.grpc.Contexts$ContextualizedServerCallListener.onHalfClose(Contexts.java:86)
	at io.grpc.internal.ServerCallImpl$ServerStreamListenerImpl.halfClosed(ServerCallImpl.java:356)
	at io.grpc.internal.ServerImpl$JumpToApplicationThreadServerStreamListener$1HalfClosed.runInContext(ServerImpl.java:861)
	at io.grpc.internal.ContextRunnable.run(ContextRunnable.java:37)
	at io.grpc.internal.SerializingExecutor.run(SerializingExecutor.java:133)
	at java.base/java.util.concurrent.ThreadPoolExecutor.runWorker(ThreadPoolExecutor.java:1128)
	at java.base/java.util.concurrent.ThreadPoolExecutor$Worker.run(ThreadPoolExecutor.java:628)
	at java.base/java.lang.Thread.run(Thread.java:834)

Oct 07, 2026 11:15:23 AM io.gapi.emulators.netty.HttpHandler$1 onError
INFO: Exception when handling request: PERMISSION_DENIED: 
false for 'get' @ L177, false for 'get' @ L235
Oct 07, 2026 11:15:23 AM com.google.cloud.datastore.emulator.impl.util.WrappedStreamObserver onError
WARNING: Operation failed: 
false for 'get' @ L190, false for 'get' @ L235
com.google.cloud.datastore.core.exception.DatastoreException: 
false for 'get' @ L190, false for 'get' @ L235
	at com.google.cloud.datastore.core.exception.DatastoreException$Builder.build(DatastoreException.java:121)
	at com.google.cloud.datastore.emulator.impl.rules.DefaultEmulatorRulesAuthorizer.verboseError(DefaultEmulatorRulesAuthorizer.java:318)
	at com.google.cloud.datastore.emulator.impl.rules.DefaultEmulatorRulesAuthorizer.withVerboseErrors(DefaultEmulatorRulesAuthorizer.java:295)
	at com.google.cloud.datastore.emulator.impl.rules.DefaultEmulatorRulesAuthorizer.checkLookup(DefaultEmulatorRulesAuthorizer.java:153)
	at com.google.cloud.datastore.emulator.impl.firestore.FirestoreEmulatorHelper.snapshotRead(FirestoreEmulatorHelper.java:286)
	at com.google.cloud.datastore.emulator.impl.firestore.FirestoreEmulatorHelper.lambda$read$0(FirestoreEmulatorHelper.java:245)
	at com.google.cloud.datastore.emulator.impl.transactions.EmulatorTransactionManager$ReadOnlyTransaction.fold(EmulatorTransactionManager.java:461)
	at com.google.cloud.datastore.emulator.impl.firestore.FirestoreEmulatorHelper.read(FirestoreEmulatorHelper.java:244)
	at com.google.cloud.datastore.emulator.impl.firestore.CloudFirestoreV1.getDocument(CloudFirestoreV1.java:331)
	at com.google.cloud.datastore.emulator.impl.firestore.CloudFirestoreV1Router.getDocument(CloudFirestoreV1Router.java:129)
	at com.google.cloud.datastore.emulator.impl.firestore.CloudFirestoreV1Router.getOrListDocuments(CloudFirestoreV1Router.java:123)
	at com.google.cloud.datastore.emulator.firestore.v1.FirestoreV1GrpcAdapter$1.lambda$getOrListDocuments$0(FirestoreV1GrpcAdapter.java:108)
	at com.google.cloud.datastore.emulator.firestore.v1.FirestoreV1GrpcAdapter.unary(FirestoreV1GrpcAdapter.java:72)
	at com.google.cloud.datastore.emulator.firestore.v1.FirestoreV1GrpcAdapter$1.getOrListDocuments(FirestoreV1GrpcAdapter.java:108)
	at com.google.firestore.v1.FirestoreGrpc$MethodHandlers.invoke(FirestoreGrpc.java:1206)
	at io.grpc.stub.ServerCalls$UnaryServerCallHandler$UnaryServerCallListener.onHalfClose(ServerCalls.java:182)
	at io.grpc.PartialForwardingServerCallListener.onHalfClose(PartialForwardingServerCallListener.java:35)
	at io.grpc.ForwardingServerCallListener.onHalfClose(ForwardingServerCallListener.java:23)
	at io.grpc.ForwardingServerCallListener$SimpleForwardingServerCallListener.onHalfClose(ForwardingServerCallListener.java:40)
	at io.grpc.Contexts$ContextualizedServerCallListener.onHalfClose(Contexts.java:86)
	at io.grpc.PartialForwardingServerCallListener.onHalfClose(PartialForwardingServerCallListener.java:35)
	at io.grpc.ForwardingServerCallListener.onHalfClose(ForwardingServerCallListener.java:23)
	at io.grpc.ForwardingServerCallListener$SimpleForwardingServerCallListener.onHalfClose(ForwardingServerCallListener.java:40)
	at io.grpc.Contexts$ContextualizedServerCallListener.onHalfClose(Contexts.java:86)
	at io.grpc.internal.ServerCallImpl$ServerStreamListenerImpl.halfClosed(ServerCallImpl.java:356)
	at io.grpc.internal.ServerImpl$JumpToApplicationThreadServerStreamListener$1HalfClosed.runInContext(ServerImpl.java:861)
	at io.grpc.internal.ContextRunnable.run(ContextRunnable.java:37)
	at io.grpc.internal.SerializingExecutor.run(SerializingExecutor.java:133)
	at java.base/java.util.concurrent.ThreadPoolExecutor.runWorker(ThreadPoolExecutor.java:1128)
	at java.base/java.util.concurrent.ThreadPoolExecutor$Worker.run(ThreadPoolExecutor.java:628)
	at java.base/java.lang.Thread.run(Thread.java:834)

Oct 07, 2026 11:15:23 AM io.gapi.emulators.netty.HttpHandler$1 onError
INFO: Exception when handling request: PERMISSION_DENIED: 
false for 'get' @ L190, false for 'get' @ L235
Oct 07, 2026 11:15:23 AM com.google.cloud.datastore.emulator.impl.util.WrappedStreamObserver onError
WARNING: Operation failed: 
evaluation error at L165:27 for 'get' @ L165, false for 'get' @ L235, false for 'get' @ L165, false for 'get' @ L235
com.google.cloud.datastore.core.exception.DatastoreException: 
evaluation error at L165:27 for 'get' @ L165, false for 'get' @ L235, false for 'get' @ L165, false for 'get' @ L235
	at com.google.cloud.datastore.core.exception.DatastoreException$Builder.build(DatastoreException.java:121)
	at com.google.cloud.datastore.emulator.impl.rules.DefaultEmulatorRulesAuthorizer.verboseError(DefaultEmulatorRulesAuthorizer.java:318)
	at com.google.cloud.datastore.emulator.impl.rules.DefaultEmulatorRulesAuthorizer.withVerboseErrors(DefaultEmulatorRulesAuthorizer.java:295)
	at com.google.cloud.datastore.emulator.impl.rules.DefaultEmulatorRulesAuthorizer.checkLookup(DefaultEmulatorRulesAuthorizer.java:153)
	at com.google.cloud.datastore.emulator.impl.firestore.FirestoreEmulatorHelper.snapshotRead(FirestoreEmulatorHelper.java:286)
	at com.google.cloud.datastore.emulator.impl.firestore.FirestoreEmulatorHelper.lambda$read$0(FirestoreEmulatorHelper.java:245)
	at com.google.cloud.datastore.emulator.impl.transactions.EmulatorTransactionManager$ReadOnlyTransaction.fold(EmulatorTransactionManager.java:461)
	at com.google.cloud.datastore.emulator.impl.firestore.FirestoreEmulatorHelper.read(FirestoreEmulatorHelper.java:244)
	at com.google.cloud.datastore.emulator.impl.firestore.CloudFirestoreV1.getDocument(CloudFirestoreV1.java:331)
	at com.google.cloud.datastore.emulator.impl.firestore.CloudFirestoreV1Router.getDocument(CloudFirestoreV1Router.java:129)
	at com.google.cloud.datastore.emulator.impl.firestore.CloudFirestoreV1Router.getOrListDocuments(CloudFirestoreV1Router.java:123)
	at com.google.cloud.datastore.emulator.firestore.v1.FirestoreV1GrpcAdapter$1.lambda$getOrListDocuments$0(FirestoreV1GrpcAdapter.java:108)
	at com.google.cloud.datastore.emulator.firestore.v1.FirestoreV1GrpcAdapter.unary(FirestoreV1GrpcAdapter.java:72)
	at com.google.cloud.datastore.emulator.firestore.v1.FirestoreV1GrpcAdapter$1.getOrListDocuments(FirestoreV1GrpcAdapter.java:108)
	at com.google.firestore.v1.FirestoreGrpc$MethodHandlers.invoke(FirestoreGrpc.java:1206)
	at io.grpc.stub.ServerCalls$UnaryServerCallHandler$UnaryServerCallListener.onHalfClose(ServerCalls.java:182)
	at io.grpc.PartialForwardingServerCallListener.onHalfClose(PartialForwardingServerCallListener.java:35)
	at io.grpc.ForwardingServerCallListener.onHalfClose(ForwardingServerCallListener.java:23)
	at io.grpc.ForwardingServerCallListener$SimpleForwardingServerCallListener.onHalfClose(ForwardingServerCallListener.java:40)
	at io.grpc.Contexts$ContextualizedServerCallListener.onHalfClose(Contexts.java:86)
	at io.grpc.PartialForwardingServerCallListener.onHalfClose(PartialForwardingServerCallListener.java:35)
	at io.grpc.ForwardingServerCallListener.onHalfClose(ForwardingServerCallListener.java:23)
	at io.grpc.ForwardingServerCallListener$SimpleForwardingServerCallListener.onHalfClose(ForwardingServerCallListener.java:40)
	at io.grpc.Contexts$ContextualizedServerCallListener.onHalfClose(Contexts.java:86)
	at io.grpc.internal.ServerCallImpl$ServerStreamListenerImpl.halfClosed(ServerCallImpl.java:356)
	at io.grpc.internal.ServerImpl$JumpToApplicationThreadServerStreamListener$1HalfClosed.runInContext(ServerImpl.java:861)
	at io.grpc.internal.ContextRunnable.run(ContextRunnable.java:37)
	at io.grpc.internal.SerializingExecutor.run(SerializingExecutor.java:133)
	at java.base/java.util.concurrent.ThreadPoolExecutor.runWorker(ThreadPoolExecutor.java:1128)
	at java.base/java.util.concurrent.ThreadPoolExecutor$Worker.run(ThreadPoolExecutor.java:628)
	at java.base/java.lang.Thread.run(Thread.java:834)

Oct 07, 2026 11:15:23 AM io.gapi.emulators.netty.HttpHandler$1 onError
INFO: Exception when handling request: PERMISSION_DENIED: 
evaluation error at L165:27 for 'get' @ L165, false for 'get' @ L235, false for 'get' @ L165, false for 'get' @ L235
Oct 07, 2026 11:15:23 AM com.google.cloud.datastore.emulator.impl.util.WrappedStreamObserver onError
WARNING: Operation failed: 
false for 'get' @ L177, false for 'get' @ L235
com.google.cloud.datastore.core.exception.DatastoreException: 
false for 'get' @ L177, false for 'get' @ L235
	at com.google.cloud.datastore.core.exception.DatastoreException$Builder.build(DatastoreException.java:121)
	at com.google.cloud.datastore.emulator.impl.rules.DefaultEmulatorRulesAuthorizer.verboseError(DefaultEmulatorRulesAuthorizer.java:318)
	at com.google.cloud.datastore.emulator.impl.rules.DefaultEmulatorRulesAuthorizer.withVerboseErrors(DefaultEmulatorRulesAuthorizer.java:295)
	at com.google.cloud.datastore.emulator.impl.rules.DefaultEmulatorRulesAuthorizer.checkLookup(DefaultEmulatorRulesAuthorizer.java:153)
	at com.google.cloud.datastore.emulator.impl.firestore.FirestoreEmulatorHelper.snapshotRead(FirestoreEmulatorHelper.java:286)
	at com.google.cloud.datastore.emulator.impl.firestore.FirestoreEmulatorHelper.lambda$read$0(FirestoreEmulatorHelper.java:245)
	at com.google.cloud.datastore.emulator.impl.transactions.EmulatorTransactionManager$ReadOnlyTransaction.fold(EmulatorTransactionManager.java:461)
	at com.google.cloud.datastore.emulator.impl.firestore.FirestoreEmulatorHelper.read(FirestoreEmulatorHelper.java:244)
	at com.google.cloud.datastore.emulator.impl.firestore.CloudFirestoreV1.getDocument(CloudFirestoreV1.java:331)
	at com.google.cloud.datastore.emulator.impl.firestore.CloudFirestoreV1Router.getDocument(CloudFirestoreV1Router.java:129)
	at com.google.cloud.datastore.emulator.impl.firestore.CloudFirestoreV1Router.getOrListDocuments(CloudFirestoreV1Router.java:123)
	at com.google.cloud.datastore.emulator.firestore.v1.FirestoreV1GrpcAdapter$1.lambda$getOrListDocuments$0(FirestoreV1GrpcAdapter.java:108)
	at com.google.cloud.datastore.emulator.firestore.v1.FirestoreV1GrpcAdapter.unary(FirestoreV1GrpcAdapter.java:72)
	at com.google.cloud.datastore.emulator.firestore.v1.FirestoreV1GrpcAdapter$1.getOrListDocuments(FirestoreV1GrpcAdapter.java:108)
	at com.google.firestore.v1.FirestoreGrpc$MethodHandlers.invoke(FirestoreGrpc.java:1206)
	at io.grpc.stub.ServerCalls$UnaryServerCallHandler$UnaryServerCallListener.onHalfClose(ServerCalls.java:182)
	at io.grpc.PartialForwardingServerCallListener.onHalfClose(PartialForwardingServerCallListener.java:35)
	at io.grpc.ForwardingServerCallListener.onHalfClose(ForwardingServerCallListener.java:23)
	at io.grpc.ForwardingServerCallListener$SimpleForwardingServerCallListener.onHalfClose(ForwardingServerCallListener.java:40)
	at io.grpc.Contexts$ContextualizedServerCallListener.onHalfClose(Contexts.java:86)
	at io.grpc.PartialForwardingServerCallListener.onHalfClose(PartialForwardingServerCallListener.java:35)
	at io.grpc.ForwardingServerCallListener.onHalfClose(ForwardingServerCallListener.java:23)
	at io.grpc.ForwardingServerCallListener$SimpleForwardingServerCallListener.onHalfClose(ForwardingServerCallListener.java:40)
	at io.grpc.Contexts$ContextualizedServerCallListener.onHalfClose(Contexts.java:86)
	at io.grpc.internal.ServerCallImpl$ServerStreamListenerImpl.halfClosed(ServerCallImpl.java:356)
	at io.grpc.internal.ServerImpl$JumpToApplicationThreadServerStreamListener$1HalfClosed.runInContext(ServerImpl.java:861)
	at io.grpc.internal.ContextRunnable.run(ContextRunnable.java:37)
	at io.grpc.internal.SerializingExecutor.run(SerializingExecutor.java:133)
	at java.base/java.util.concurrent.ThreadPoolExecutor.runWorker(ThreadPoolExecutor.java:1128)
	at java.base/java.util.concurrent.ThreadPoolExecutor$Worker.run(ThreadPoolExecutor.java:628)
	at java.base/java.lang.Thread.run(Thread.java:834)

Oct 07, 2026 11:15:23 AM io.gapi.emulators.netty.HttpHandler$1 onError
INFO: Exception when handling request: PERMISSION_DENIED: 
false for 'get' @ L177, false for 'get' @ L235
Oct 07, 2026 11:15:23 AM com.google.cloud.datastore.emulator.impl.util.WrappedStreamObserver onError
WARNING: Operation failed: 
false for 'create' @ L166, false for 'create' @ L235, false for 'update' @ L166, false for 'update' @ L235
com.google.cloud.datastore.core.exception.DatastoreException: 
false for 'create' @ L166, false for 'create' @ L235, false for 'update' @ L166, false for 'update' @ L235
	at com.google.cloud.datastore.core.exception.DatastoreException$Builder.build(DatastoreException.java:121)
	at com.google.cloud.datastore.emulator.impl.rules.DefaultEmulatorRulesAuthorizer.verboseError(DefaultEmulatorRulesAuthorizer.java:318)
	at com.google.cloud.datastore.emulator.impl.rules.DefaultEmulatorRulesAuthorizer.withVerboseErrors(DefaultEmulatorRulesAuthorizer.java:295)
	at com.google.cloud.datastore.emulator.impl.rules.DefaultEmulatorRulesAuthorizer.checkCommit(DefaultEmulatorRulesAuthorizer.java:114)
	at com.google.cloud.datastore.emulator.impl.firestore.FirestoreEmulatorHelper.commitHelper(FirestoreEmulatorHelper.java:360)
	at com.google.cloud.datastore.emulator.impl.firestore.FirestoreEmulatorHelper.internalCommit(FirestoreEmulatorHelper.java:314)
	at com.google.cloud.datastore.emulator.impl.firestore.CloudFirestoreV1.internalCommit(CloudFirestoreV1.java:1077)
	at com.google.cloud.datastore.emulator.impl.firestore.CloudFirestoreV1.updateDocument(CloudFirestoreV1.java:458)
	at com.google.cloud.datastore.emulator.impl.firestore.CloudFirestoreV1Router.updateDocument(CloudFirestoreV1Router.java:149)
	at com.google.cloud.datastore.emulator.firestore.v1.FirestoreV1GrpcAdapter$1.lambda$updateDocument$4(FirestoreV1GrpcAdapter.java:132)
	at com.google.cloud.datastore.emulator.firestore.v1.FirestoreV1GrpcAdapter.unary(FirestoreV1GrpcAdapter.java:72)
	at com.google.cloud.datastore.emulator.firestore.v1.FirestoreV1GrpcAdapter$1.updateDocument(FirestoreV1GrpcAdapter.java:132)
	at com.google.firestore.v1.FirestoreGrpc$MethodHandlers.invoke(FirestoreGrpc.java:1218)
	at io.grpc.stub.ServerCalls$UnaryServerCallHandler$UnaryServerCallListener.onHalfClose(ServerCalls.java:182)
	at io.grpc.PartialForwardingServerCallListener.onHalfClose(PartialForwardingServerCallListener.java:35)
	at io.grpc.ForwardingServerCallListener.onHalfClose(ForwardingServerCallListener.java:23)
	at io.grpc.ForwardingServerCallListener$SimpleForwardingServerCallListener.onHalfClose(ForwardingServerCallListener.java:40)
	at io.grpc.Contexts$ContextualizedServerCallListener.onHalfClose(Contexts.java:86)
	at io.grpc.PartialForwardingServerCallListener.onHalfClose(PartialForwardingServerCallListener.java:35)
	at io.grpc.ForwardingServerCallListener.onHalfClose(ForwardingServerCallListener.java:23)
	at io.grpc.ForwardingServerCallListener$SimpleForwardingServerCallListener.onHalfClose(ForwardingServerCallListener.java:40)
	at io.grpc.Contexts$ContextualizedServerCallListener.onHalfClose(Contexts.java:86)
	at io.grpc.internal.ServerCallImpl$ServerStreamListenerImpl.halfClosed(ServerCallImpl.java:356)
	at io.grpc.internal.ServerImpl$JumpToApplicationThreadServerStreamListener$1HalfClosed.runInContext(ServerImpl.java:861)
	at io.grpc.internal.ContextRunnable.run(ContextRunnable.java:37)
	at io.grpc.internal.SerializingExecutor.run(SerializingExecutor.java:133)
	at java.base/java.util.concurrent.ThreadPoolExecutor.runWorker(ThreadPoolExecutor.java:1128)
	at java.base/java.util.concurrent.ThreadPoolExecutor$Worker.run(ThreadPoolExecutor.java:628)
	at java.base/java.lang.Thread.run(Thread.java:834)

Oct 07, 2026 11:15:23 AM io.gapi.emulators.netty.HttpHandler$1 onError
INFO: Exception when handling request: PERMISSION_DENIED: 
false for 'create' @ L166, false for 'create' @ L235, false for 'update' @ L166, false for 'update' @ L235
Oct 07, 2026 11:15:23 AM com.google.cloud.datastore.emulator.impl.util.WrappedStreamObserver onError
WARNING: Operation failed: 
false for 'create' @ L184, false for 'create' @ L235, evaluation error at L180:26 for 'update' @ L180, false for 'update' @ L235, false for 'update' @ L180, false for 'update' @ L235
com.google.cloud.datastore.core.exception.DatastoreException: 
false for 'create' @ L184, false for 'create' @ L235, evaluation error at L180:26 for 'update' @ L180, false for 'update' @ L235, false for 'update' @ L180, false for 'update' @ L235
	at com.google.cloud.datastore.core.exception.DatastoreException$Builder.build(DatastoreException.java:121)
	at com.google.cloud.datastore.emulator.impl.rules.DefaultEmulatorRulesAuthorizer.verboseError(DefaultEmulatorRulesAuthorizer.java:318)
	at com.google.cloud.datastore.emulator.impl.rules.DefaultEmulatorRulesAuthorizer.withVerboseErrors(DefaultEmulatorRulesAuthorizer.java:295)
	at com.google.cloud.datastore.emulator.impl.rules.DefaultEmulatorRulesAuthorizer.checkCommit(DefaultEmulatorRulesAuthorizer.java:114)
	at com.google.cloud.datastore.emulator.impl.firestore.FirestoreEmulatorHelper.commitHelper(FirestoreEmulatorHelper.java:360)
	at com.google.cloud.datastore.emulator.impl.firestore.FirestoreEmulatorHelper.internalCommit(FirestoreEmulatorHelper.java:314)
	at com.google.cloud.datastore.emulator.impl.firestore.CloudFirestoreV1.internalCommit(CloudFirestoreV1.java:1077)
	at com.google.cloud.datastore.emulator.impl.firestore.CloudFirestoreV1.updateDocument(CloudFirestoreV1.java:458)
	at com.google.cloud.datastore.emulator.impl.firestore.CloudFirestoreV1Router.updateDocument(CloudFirestoreV1Router.java:149)
	at com.google.cloud.datastore.emulator.firestore.v1.FirestoreV1GrpcAdapter$1.lambda$updateDocument$4(FirestoreV1GrpcAdapter.java:132)
	at com.google.cloud.datastore.emulator.firestore.v1.FirestoreV1GrpcAdapter.unary(FirestoreV1GrpcAdapter.java:72)
	at com.google.cloud.datastore.emulator.firestore.v1.FirestoreV1GrpcAdapter$1.updateDocument(FirestoreV1GrpcAdapter.java:132)
	at com.google.firestore.v1.FirestoreGrpc$MethodHandlers.invoke(FirestoreGrpc.java:1218)
	at io.grpc.stub.ServerCalls$UnaryServerCallHandler$UnaryServerCallListener.onHalfClose(ServerCalls.java:182)
	at io.grpc.PartialForwardingServerCallListener.onHalfClose(PartialForwardingServerCallListener.java:35)
	at io.grpc.ForwardingServerCallListener.onHalfClose(ForwardingServerCallListener.java:23)
	at io.grpc.ForwardingServerCallListener$SimpleForwardingServerCallListener.onHalfClose(ForwardingServerCallListener.java:40)
	at io.grpc.Contexts$ContextualizedServerCallListener.onHalfClose(Contexts.java:86)
	at io.grpc.PartialForwardingServerCallListener.onHalfClose(PartialForwardingServerCallListener.java:35)
	at io.grpc.ForwardingServerCallListener.onHalfClose(ForwardingServerCallListener.java:23)
	at io.grpc.ForwardingServerCallListener$SimpleForwardingServerCallListener.onHalfClose(ForwardingServerCallListener.java:40)
	at io.grpc.Contexts$ContextualizedServerCallListener.onHalfClose(Contexts.java:86)
	at io.grpc.internal.ServerCallImpl$ServerStreamListenerImpl.halfClosed(ServerCallImpl.java:356)
	at io.grpc.internal.ServerImpl$JumpToApplicationThreadServerStreamListener$1HalfClosed.runInContext(ServerImpl.java:861)
	at io.grpc.internal.ContextRunnable.run(ContextRunnable.java:37)
	at io.grpc.internal.SerializingExecutor.run(SerializingExecutor.java:133)
	at java.base/java.util.concurrent.ThreadPoolExecutor.runWorker(ThreadPoolExecutor.java:1128)
	at java.base/java.util.concurrent.ThreadPoolExecutor$Worker.run(ThreadPoolExecutor.java:628)
	at java.base/java.lang.Thread.run(Thread.java:834)

Oct 07, 2026 11:15:23 AM io.gapi.emulators.netty.HttpHandler$1 onError
INFO: Exception when handling request: PERMISSION_DENIED: 
false for 'create' @ L184, false for 'create' @ L235, evaluation error at L180:26 for 'update' @ L180, false for 'update' @ L235, false for 'update' @ L180, false for 'update' @ L235
Oct 07, 2026 11:48:57 AM io.gapi.emulators.netty.HttpVersionRoutingHandler channelRead
INFO: Detected non-HTTP/2 connection.
Oct 07, 2026 11:55:14 AM io.gapi.emulators.netty.HttpVersionRoutingHandler channelRead
INFO: Detected non-HTTP/2 connection.
Oct 07, 2026 11:55:14 AM io.gapi.emulators.netty.HttpVersionRoutingHandler channelRead
INFO: Detected non-HTTP/2 connection.
Oct 07, 2026 11:55:14 AM com.google.cloud.datastore.emulator.impl.util.WrappedStreamObserver onError
WARNING: Operation failed: 
false for 'create' @ L82, false for 'create' @ L235, evaluation error at L88:24 for 'update' @ L88, false for 'update' @ L235, false for 'update' @ L88, false for 'update' @ L235
com.google.cloud.datastore.core.exception.DatastoreException: 
false for 'create' @ L82, false for 'create' @ L235, evaluation error at L88:24 for 'update' @ L88, false for 'update' @ L235, false for 'update' @ L88, false for 'update' @ L235
	at com.google.cloud.datastore.core.exception.DatastoreException$Builder.build(DatastoreException.java:121)
	at com.google.cloud.datastore.emulator.impl.rules.DefaultEmulatorRulesAuthorizer.verboseError(DefaultEmulatorRulesAuthorizer.java:318)
	at com.google.cloud.datastore.emulator.impl.rules.DefaultEmulatorRulesAuthorizer.withVerboseErrors(DefaultEmulatorRulesAuthorizer.java:295)
	at com.google.cloud.datastore.emulator.impl.rules.DefaultEmulatorRulesAuthorizer.checkCommit(DefaultEmulatorRulesAuthorizer.java:114)
	at com.google.cloud.datastore.emulator.impl.firestore.FirestoreEmulatorHelper.commitHelper(FirestoreEmulatorHelper.java:360)
	at com.google.cloud.datastore.emulator.impl.firestore.FirestoreEmulatorHelper.internalCommit(FirestoreEmulatorHelper.java:314)
	at com.google.cloud.datastore.emulator.impl.firestore.CloudFirestoreV1.internalCommit(CloudFirestoreV1.java:1077)
	at com.google.cloud.datastore.emulator.impl.firestore.CloudFirestoreV1.updateDocument(CloudFirestoreV1.java:458)
	at com.google.cloud.datastore.emulator.impl.firestore.CloudFirestoreV1Router.updateDocument(CloudFirestoreV1Router.java:149)
	at com.google.cloud.datastore.emulator.firestore.v1.FirestoreV1GrpcAdapter$1.lambda$updateDocument$4(FirestoreV1GrpcAdapter.java:132)
	at com.google.cloud.datastore.emulator.firestore.v1.FirestoreV1GrpcAdapter.unary(FirestoreV1GrpcAdapter.java:72)
	at com.google.cloud.datastore.emulator.firestore.v1.FirestoreV1GrpcAdapter$1.updateDocument(FirestoreV1GrpcAdapter.java:132)
	at com.google.firestore.v1.FirestoreGrpc$MethodHandlers.invoke(FirestoreGrpc.java:1218)
	at io.grpc.stub.ServerCalls$UnaryServerCallHandler$UnaryServerCallListener.onHalfClose(ServerCalls.java:182)
	at io.grpc.PartialForwardingServerCallListener.onHalfClose(PartialForwardingServerCallListener.java:35)
	at io.grpc.ForwardingServerCallListener.onHalfClose(ForwardingServerCallListener.java:23)
	at io.grpc.ForwardingServerCallListener$SimpleForwardingServerCallListener.onHalfClose(ForwardingServerCallListener.java:40)
	at io.grpc.Contexts$ContextualizedServerCallListener.onHalfClose(Contexts.java:86)
	at io.grpc.PartialForwardingServerCallListener.onHalfClose(PartialForwardingServerCallListener.java:35)
	at io.grpc.ForwardingServerCallListener.onHalfClose(ForwardingServerCallListener.java:23)
	at io.grpc.ForwardingServerCallListener$SimpleForwardingServerCallListener.onHalfClose(ForwardingServerCallListener.java:40)
	at io.grpc.Contexts$ContextualizedServerCallListener.onHalfClose(Contexts.java:86)
	at io.grpc.internal.ServerCallImpl$ServerStreamListenerImpl.halfClosed(ServerCallImpl.java:356)
	at io.grpc.internal.ServerImpl$JumpToApplicationThreadServerStreamListener$1HalfClosed.runInContext(ServerImpl.java:861)
	at io.grpc.internal.ContextRunnable.run(ContextRunnable.java:37)
	at io.grpc.internal.SerializingExecutor.run(SerializingExecutor.java:133)
	at java.base/java.util.concurrent.ThreadPoolExecutor.runWorker(ThreadPoolExecutor.java:1128)
	at java.base/java.util.concurrent.ThreadPoolExecutor$Worker.run(ThreadPoolExecutor.java:628)
	at java.base/java.lang.Thread.run(Thread.java:834)

Oct 07, 2026 11:55:14 AM io.gapi.emulators.netty.HttpHandler$1 onError
INFO: Exception when handling request: PERMISSION_DENIED: 
false for 'create' @ L82, false for 'create' @ L235, evaluation error at L88:24 for 'update' @ L88, false for 'update' @ L235, false for 'update' @ L88, false for 'update' @ L235
Oct 07, 2026 11:55:15 AM com.google.cloud.datastore.emulator.impl.util.WrappedStreamObserver onError
WARNING: Operation failed: 
false for 'get' @ L177, false for 'get' @ L235
com.google.cloud.datastore.core.exception.DatastoreException: 
false for 'get' @ L177, false for 'get' @ L235
	at com.google.cloud.datastore.core.exception.DatastoreException$Builder.build(DatastoreException.java:121)
	at com.google.cloud.datastore.emulator.impl.rules.DefaultEmulatorRulesAuthorizer.verboseError(DefaultEmulatorRulesAuthorizer.java:318)
	at com.google.cloud.datastore.emulator.impl.rules.DefaultEmulatorRulesAuthorizer.withVerboseErrors(DefaultEmulatorRulesAuthorizer.java:295)
	at com.google.cloud.datastore.emulator.impl.rules.DefaultEmulatorRulesAuthorizer.checkLookup(DefaultEmulatorRulesAuthorizer.java:153)
	at com.google.cloud.datastore.emulator.impl.firestore.FirestoreEmulatorHelper.snapshotRead(FirestoreEmulatorHelper.java:286)
	at com.google.cloud.datastore.emulator.impl.firestore.FirestoreEmulatorHelper.lambda$read$0(FirestoreEmulatorHelper.java:245)
	at com.google.cloud.datastore.emulator.impl.transactions.EmulatorTransactionManager$ReadOnlyTransaction.fold(EmulatorTransactionManager.java:461)
	at com.google.cloud.datastore.emulator.impl.firestore.FirestoreEmulatorHelper.read(FirestoreEmulatorHelper.java:244)
	at com.google.cloud.datastore.emulator.impl.firestore.CloudFirestoreV1.getDocument(CloudFirestoreV1.java:331)
	at com.google.cloud.datastore.emulator.impl.firestore.CloudFirestoreV1Router.getDocument(CloudFirestoreV1Router.java:129)
	at com.google.cloud.datastore.emulator.impl.firestore.CloudFirestoreV1Router.getOrListDocuments(CloudFirestoreV1Router.java:123)
	at com.google.cloud.datastore.emulator.firestore.v1.FirestoreV1GrpcAdapter$1.lambda$getOrListDocuments$0(FirestoreV1GrpcAdapter.java:108)
	at com.google.cloud.datastore.emulator.firestore.v1.FirestoreV1GrpcAdapter.unary(FirestoreV1GrpcAdapter.java:72)
	at com.google.cloud.datastore.emulator.firestore.v1.FirestoreV1GrpcAdapter$1.getOrListDocuments(FirestoreV1GrpcAdapter.java:108)
	at com.google.firestore.v1.FirestoreGrpc$MethodHandlers.invoke(FirestoreGrpc.java:1206)
	at io.grpc.stub.ServerCalls$UnaryServerCallHandler$UnaryServerCallListener.onHalfClose(ServerCalls.java:182)
	at io.grpc.PartialForwardingServerCallListener.onHalfClose(PartialForwardingServerCallListener.java:35)
	at io.grpc.ForwardingServerCallListener.onHalfClose(ForwardingServerCallListener.java:23)
	at io.grpc.ForwardingServerCallListener$SimpleForwardingServerCallListener.onHalfClose(ForwardingServerCallListener.java:40)
	at io.grpc.Contexts$ContextualizedServerCallListener.onHalfClose(Contexts.java:86)
	at io.grpc.PartialForwardingServerCallListener.onHalfClose(PartialForwardingServerCallListener.java:35)
	at io.grpc.ForwardingServerCallListener.onHalfClose(ForwardingServerCallListener.java:23)
	at io.grpc.ForwardingServerCallListener$SimpleForwardingServerCallListener.onHalfClose(ForwardingServerCallListener.java:40)
	at io.grpc.Contexts$ContextualizedServerCallListener.onHalfClose(Contexts.java:86)
	at io.grpc.internal.ServerCallImpl$ServerStreamListenerImpl.halfClosed(ServerCallImpl.java:356)
	at io.grpc.internal.ServerImpl$JumpToApplicationThreadServerStreamListener$1HalfClosed.runInContext(ServerImpl.java:861)
	at io.grpc.internal.ContextRunnable.run(ContextRunnable.java:37)
	at io.grpc.internal.SerializingExecutor.run(SerializingExecutor.java:133)
	at java.base/java.util.concurrent.ThreadPoolExecutor.runWorker(ThreadPoolExecutor.java:1128)
	at java.base/java.util.concurrent.ThreadPoolExecutor$Worker.run(ThreadPoolExecutor.java:628)
	at java.base/java.lang.Thread.run(Thread.java:834)

Oct 07, 2026 11:55:15 AM io.gapi.emulators.netty.HttpHandler$1 onError
INFO: Exception when handling request: PERMISSION_DENIED: 
false for 'get' @ L177, false for 'get' @ L235
Oct 07, 2026 11:55:15 AM com.google.cloud.datastore.emulator.impl.util.WrappedStreamObserver onError
WARNING: Operation failed: 
false for 'get' @ L190, false for 'get' @ L235
com.google.cloud.datastore.core.exception.DatastoreException: 
false for 'get' @ L190, false for 'get' @ L235
	at com.google.cloud.datastore.core.exception.DatastoreException$Builder.build(DatastoreException.java:121)
	at com.google.cloud.datastore.emulator.impl.rules.DefaultEmulatorRulesAuthorizer.verboseError(DefaultEmulatorRulesAuthorizer.java:318)
	at com.google.cloud.datastore.emulator.impl.rules.DefaultEmulatorRulesAuthorizer.withVerboseErrors(DefaultEmulatorRulesAuthorizer.java:295)
	at com.google.cloud.datastore.emulator.impl.rules.DefaultEmulatorRulesAuthorizer.checkLookup(DefaultEmulatorRulesAuthorizer.java:153)
	at com.google.cloud.datastore.emulator.impl.firestore.FirestoreEmulatorHelper.snapshotRead(FirestoreEmulatorHelper.java:286)
	at com.google.cloud.datastore.emulator.impl.firestore.FirestoreEmulatorHelper.lambda$read$0(FirestoreEmulatorHelper.java:245)
	at com.google.cloud.datastore.emulator.impl.transactions.EmulatorTransactionManager$ReadOnlyTransaction.fold(EmulatorTransactionManager.java:461)
	at com.google.cloud.datastore.emulator.impl.firestore.FirestoreEmulatorHelper.read(FirestoreEmulatorHelper.java:244)
	at com.google.cloud.datastore.emulator.impl.firestore.CloudFirestoreV1.getDocument(CloudFirestoreV1.java:331)
	at com.google.cloud.datastore.emulator.impl.firestore.CloudFirestoreV1Router.getDocument(CloudFirestoreV1Router.java:129)
	at com.google.cloud.datastore.emulator.impl.firestore.CloudFirestoreV1Router.getOrListDocuments(CloudFirestoreV1Router.java:123)
	at com.google.cloud.datastore.emulator.firestore.v1.FirestoreV1GrpcAdapter$1.lambda$getOrListDocuments$0(FirestoreV1GrpcAdapter.java:108)
	at com.google.cloud.datastore.emulator.firestore.v1.FirestoreV1GrpcAdapter.unary(FirestoreV1GrpcAdapter.java:72)
	at com.google.cloud.datastore.emulator.firestore.v1.FirestoreV1GrpcAdapter$1.getOrListDocuments(FirestoreV1GrpcAdapter.java:108)
	at com.google.firestore.v1.FirestoreGrpc$MethodHandlers.invoke(FirestoreGrpc.java:1206)
	at io.grpc.stub.ServerCalls$UnaryServerCallHandler$UnaryServerCallListener.onHalfClose(ServerCalls.java:182)
	at io.grpc.PartialForwardingServerCallListener.onHalfClose(PartialForwardingServerCallListener.java:35)
	at io.grpc.ForwardingServerCallListener.onHalfClose(ForwardingServerCallListener.java:23)
	at io.grpc.ForwardingServerCallListener$SimpleForwardingServerCallListener.onHalfClose(ForwardingServerCallListener.java:40)
	at io.grpc.Contexts$ContextualizedServerCallListener.onHalfClose(Contexts.java:86)
	at io.grpc.PartialForwardingServerCallListener.onHalfClose(PartialForwardingServerCallListener.java:35)
	at io.grpc.ForwardingServerCallListener.onHalfClose(ForwardingServerCallListener.java:23)
	at io.grpc.ForwardingServerCallListener$SimpleForwardingServerCallListener.onHalfClose(ForwardingServerCallListener.java:40)
	at io.grpc.Contexts$ContextualizedServerCallListener.onHalfClose(Contexts.java:86)
	at io.grpc.internal.ServerCallImpl$ServerStreamListenerImpl.halfClosed(ServerCallImpl.java:356)
	at io.grpc.internal.ServerImpl$JumpToApplicationThreadServerStreamListener$1HalfClosed.runInContext(ServerImpl.java:861)
	at io.grpc.internal.ContextRunnable.run(ContextRunnable.java:37)
	at io.grpc.internal.SerializingExecutor.run(SerializingExecutor.java:133)
	at java.base/java.util.concurrent.ThreadPoolExecutor.runWorker(ThreadPoolExecutor.java:1128)
	at java.base/java.util.concurrent.ThreadPoolExecutor$Worker.run(ThreadPoolExecutor.java:628)
	at java.base/java.lang.Thread.run(Thread.java:834)

Oct 07, 2026 11:55:15 AM io.gapi.emulators.netty.HttpHandler$1 onError
INFO: Exception when handling request: PERMISSION_DENIED: 
false for 'get' @ L190, false for 'get' @ L235
Oct 07, 2026 11:55:15 AM com.google.cloud.datastore.emulator.impl.util.WrappedStreamObserver onError
WARNING: Operation failed: 
evaluation error at L165:27 for 'get' @ L165, false for 'get' @ L235, false for 'get' @ L165, false for 'get' @ L235
com.google.cloud.datastore.core.exception.DatastoreException: 
evaluation error at L165:27 for 'get' @ L165, false for 'get' @ L235, false for 'get' @ L165, false for 'get' @ L235
	at com.google.cloud.datastore.core.exception.DatastoreException$Builder.build(DatastoreException.java:121)
	at com.google.cloud.datastore.emulator.impl.rules.DefaultEmulatorRulesAuthorizer.verboseError(DefaultEmulatorRulesAuthorizer.java:318)
	at com.google.cloud.datastore.emulator.impl.rules.DefaultEmulatorRulesAuthorizer.withVerboseErrors(DefaultEmulatorRulesAuthorizer.java:295)
	at com.google.cloud.datastore.emulator.impl.rules.DefaultEmulatorRulesAuthorizer.checkLookup(DefaultEmulatorRulesAuthorizer.java:153)
	at com.google.cloud.datastore.emulator.impl.firestore.FirestoreEmulatorHelper.snapshotRead(FirestoreEmulatorHelper.java:286)
	at com.google.cloud.datastore.emulator.impl.firestore.FirestoreEmulatorHelper.lambda$read$0(FirestoreEmulatorHelper.java:245)
	at com.google.cloud.datastore.emulator.impl.transactions.EmulatorTransactionManager$ReadOnlyTransaction.fold(EmulatorTransactionManager.java:461)
	at com.google.cloud.datastore.emulator.impl.firestore.FirestoreEmulatorHelper.read(FirestoreEmulatorHelper.java:244)
	at com.google.cloud.datastore.emulator.impl.firestore.CloudFirestoreV1.getDocument(CloudFirestoreV1.java:331)
	at com.google.cloud.datastore.emulator.impl.firestore.CloudFirestoreV1Router.getDocument(CloudFirestoreV1Router.java:129)
	at com.google.cloud.datastore.emulator.impl.firestore.CloudFirestoreV1Router.getOrListDocuments(CloudFirestoreV1Router.java:123)
	at com.google.cloud.datastore.emulator.firestore.v1.FirestoreV1GrpcAdapter$1.lambda$getOrListDocuments$0(FirestoreV1GrpcAdapter.java:108)
	at com.google.cloud.datastore.emulator.firestore.v1.FirestoreV1GrpcAdapter.unary(FirestoreV1GrpcAdapter.java:72)
	at com.google.cloud.datastore.emulator.firestore.v1.FirestoreV1GrpcAdapter$1.getOrListDocuments(FirestoreV1GrpcAdapter.java:108)
	at com.google.firestore.v1.FirestoreGrpc$MethodHandlers.invoke(FirestoreGrpc.java:1206)
	at io.grpc.stub.ServerCalls$UnaryServerCallHandler$UnaryServerCallListener.onHalfClose(ServerCalls.java:182)
	at io.grpc.PartialForwardingServerCallListener.onHalfClose(PartialForwardingServerCallListener.java:35)
	at io.grpc.ForwardingServerCallListener.onHalfClose(ForwardingServerCallListener.java:23)
	at io.grpc.ForwardingServerCallListener$SimpleForwardingServerCallListener.onHalfClose(ForwardingServerCallListener.java:40)
	at io.grpc.Contexts$ContextualizedServerCallListener.onHalfClose(Contexts.java:86)
	at io.grpc.PartialForwardingServerCallListener.onHalfClose(PartialForwardingServerCallListener.java:35)
	at io.grpc.ForwardingServerCallListener.onHalfClose(ForwardingServerCallListener.java:23)
	at io.grpc.ForwardingServerCallListener$SimpleForwardingServerCallListener.onHalfClose(ForwardingServerCallListener.java:40)
	at io.grpc.Contexts$ContextualizedServerCallListener.onHalfClose(Contexts.java:86)
	at io.grpc.internal.ServerCallImpl$ServerStreamListenerImpl.halfClosed(ServerCallImpl.java:356)
	at io.grpc.internal.ServerImpl$JumpToApplicationThreadServerStreamListener$1HalfClosed.runInContext(ServerImpl.java:861)
	at io.grpc.internal.ContextRunnable.run(ContextRunnable.java:37)
	at io.grpc.internal.SerializingExecutor.run(SerializingExecutor.java:133)
	at java.base/java.util.concurrent.ThreadPoolExecutor.runWorker(ThreadPoolExecutor.java:1128)
	at java.base/java.util.concurrent.ThreadPoolExecutor$Worker.run(ThreadPoolExecutor.java:628)
	at java.base/java.lang.Thread.run(Thread.java:834)

Oct 07, 2026 11:55:15 AM io.gapi.emulators.netty.HttpHandler$1 onError
INFO: Exception when handling request: PERMISSION_DENIED: 
evaluation error at L165:27 for 'get' @ L165, false for 'get' @ L235, false for 'get' @ L165, false for 'get' @ L235
Oct 07, 2026 11:55:15 AM com.google.cloud.datastore.emulator.impl.util.WrappedStreamObserver onError
WARNING: Operation failed: 
false for 'get' @ L177, false for 'get' @ L235
com.google.cloud.datastore.core.exception.DatastoreException: 
false for 'get' @ L177, false for 'get' @ L235
	at com.google.cloud.datastore.core.exception.DatastoreException$Builder.build(DatastoreException.java:121)
	at com.google.cloud.datastore.emulator.impl.rules.DefaultEmulatorRulesAuthorizer.verboseError(DefaultEmulatorRulesAuthorizer.java:318)
	at com.google.cloud.datastore.emulator.impl.rules.DefaultEmulatorRulesAuthorizer.withVerboseErrors(DefaultEmulatorRulesAuthorizer.java:295)
	at com.google.cloud.datastore.emulator.impl.rules.DefaultEmulatorRulesAuthorizer.checkLookup(DefaultEmulatorRulesAuthorizer.java:153)
	at com.google.cloud.datastore.emulator.impl.firestore.FirestoreEmulatorHelper.snapshotRead(FirestoreEmulatorHelper.java:286)
	at com.google.cloud.datastore.emulator.impl.firestore.FirestoreEmulatorHelper.lambda$read$0(FirestoreEmulatorHelper.java:245)
	at com.google.cloud.datastore.emulator.impl.transactions.EmulatorTransactionManager$ReadOnlyTransaction.fold(EmulatorTransactionManager.java:461)
	at com.google.cloud.datastore.emulator.impl.firestore.FirestoreEmulatorHelper.read(FirestoreEmulatorHelper.java:244)
	at com.google.cloud.datastore.emulator.impl.firestore.CloudFirestoreV1.getDocument(CloudFirestoreV1.java:331)
	at com.google.cloud.datastore.emulator.impl.firestore.CloudFirestoreV1Router.getDocument(CloudFirestoreV1Router.java:129)
	at com.google.cloud.datastore.emulator.impl.firestore.CloudFirestoreV1Router.getOrListDocuments(CloudFirestoreV1Router.java:123)
	at com.google.cloud.datastore.emulator.firestore.v1.FirestoreV1GrpcAdapter$1.lambda$getOrListDocuments$0(FirestoreV1GrpcAdapter.java:108)
	at com.google.cloud.datastore.emulator.firestore.v1.FirestoreV1GrpcAdapter.unary(FirestoreV1GrpcAdapter.java:72)
	at com.google.cloud.datastore.emulator.firestore.v1.FirestoreV1GrpcAdapter$1.getOrListDocuments(FirestoreV1GrpcAdapter.java:108)
	at com.google.firestore.v1.FirestoreGrpc$MethodHandlers.invoke(FirestoreGrpc.java:1206)
	at io.grpc.stub.ServerCalls$UnaryServerCallHandler$UnaryServerCallListener.onHalfClose(ServerCalls.java:182)
	at io.grpc.PartialForwardingServerCallListener.onHalfClose(PartialForwardingServerCallListener.java:35)
	at io.grpc.ForwardingServerCallListener.onHalfClose(ForwardingServerCallListener.java:23)
	at io.grpc.ForwardingServerCallListener$SimpleForwardingServerCallListener.onHalfClose(ForwardingServerCallListener.java:40)
	at io.grpc.Contexts$ContextualizedServerCallListener.onHalfClose(Contexts.java:86)
	at io.grpc.PartialForwardingServerCallListener.onHalfClose(PartialForwardingServerCallListener.java:35)
	at io.grpc.ForwardingServerCallListener.onHalfClose(ForwardingServerCallListener.java:23)
	at io.grpc.ForwardingServerCallListener$SimpleForwardingServerCallListener.onHalfClose(ForwardingServerCallListener.java:40)
	at io.grpc.Contexts$ContextualizedServerCallListener.onHalfClose(Contexts.java:86)
	at io.grpc.internal.ServerCallImpl$ServerStreamListenerImpl.halfClosed(ServerCallImpl.java:356)
	at io.grpc.internal.ServerImpl$JumpToApplicationThreadServerStreamListener$1HalfClosed.runInContext(ServerImpl.java:861)
	at io.grpc.internal.ContextRunnable.run(ContextRunnable.java:37)
	at io.grpc.internal.SerializingExecutor.run(SerializingExecutor.java:133)
	at java.base/java.util.concurrent.ThreadPoolExecutor.runWorker(ThreadPoolExecutor.java:1128)
	at java.base/java.util.concurrent.ThreadPoolExecutor$Worker.run(ThreadPoolExecutor.java:628)
	at java.base/java.lang.Thread.run(Thread.java:834)

Oct 07, 2026 11:55:15 AM io.gapi.emulators.netty.HttpHandler$1 onError
INFO: Exception when handling request: PERMISSION_DENIED: 
false for 'get' @ L177, false for 'get' @ L235
Oct 07, 2026 11:55:15 AM com.google.cloud.datastore.emulator.impl.util.WrappedStreamObserver onError
WARNING: Operation failed: 
false for 'create' @ L166, false for 'create' @ L235, false for 'update' @ L166, false for 'update' @ L235
com.google.cloud.datastore.core.exception.DatastoreException: 
false for 'create' @ L166, false for 'create' @ L235, false for 'update' @ L166, false for 'update' @ L235
	at com.google.cloud.datastore.core.exception.DatastoreException$Builder.build(DatastoreException.java:121)
	at com.google.cloud.datastore.emulator.impl.rules.DefaultEmulatorRulesAuthorizer.verboseError(DefaultEmulatorRulesAuthorizer.java:318)
	at com.google.cloud.datastore.emulator.impl.rules.DefaultEmulatorRulesAuthorizer.withVerboseErrors(DefaultEmulatorRulesAuthorizer.java:295)
	at com.google.cloud.datastore.emulator.impl.rules.DefaultEmulatorRulesAuthorizer.checkCommit(DefaultEmulatorRulesAuthorizer.java:114)
	at com.google.cloud.datastore.emulator.impl.firestore.FirestoreEmulatorHelper.commitHelper(FirestoreEmulatorHelper.java:360)
	at com.google.cloud.datastore.emulator.impl.firestore.FirestoreEmulatorHelper.internalCommit(FirestoreEmulatorHelper.java:314)
	at com.google.cloud.datastore.emulator.impl.firestore.CloudFirestoreV1.internalCommit(CloudFirestoreV1.java:1077)
	at com.google.cloud.datastore.emulator.impl.firestore.CloudFirestoreV1.updateDocument(CloudFirestoreV1.java:458)
	at com.google.cloud.datastore.emulator.impl.firestore.CloudFirestoreV1Router.updateDocument(CloudFirestoreV1Router.java:149)
	at com.google.cloud.datastore.emulator.firestore.v1.FirestoreV1GrpcAdapter$1.lambda$updateDocument$4(FirestoreV1GrpcAdapter.java:132)
	at com.google.cloud.datastore.emulator.firestore.v1.FirestoreV1GrpcAdapter.unary(FirestoreV1GrpcAdapter.java:72)
	at com.google.cloud.datastore.emulator.firestore.v1.FirestoreV1GrpcAdapter$1.updateDocument(FirestoreV1GrpcAdapter.java:132)
	at com.google.firestore.v1.FirestoreGrpc$MethodHandlers.invoke(FirestoreGrpc.java:1218)
	at io.grpc.stub.ServerCalls$UnaryServerCallHandler$UnaryServerCallListener.onHalfClose(ServerCalls.java:182)
	at io.grpc.PartialForwardingServerCallListener.onHalfClose(PartialForwardingServerCallListener.java:35)
	at io.grpc.ForwardingServerCallListener.onHalfClose(ForwardingServerCallListener.java:23)
	at io.grpc.ForwardingServerCallListener$SimpleForwardingServerCallListener.onHalfClose(ForwardingServerCallListener.java:40)
	at io.grpc.Contexts$ContextualizedServerCallListener.onHalfClose(Contexts.java:86)
	at io.grpc.PartialForwardingServerCallListener.onHalfClose(PartialForwardingServerCallListener.java:35)
	at io.grpc.ForwardingServerCallListener.onHalfClose(ForwardingServerCallListener.java:23)
	at io.grpc.ForwardingServerCallListener$SimpleForwardingServerCallListener.onHalfClose(ForwardingServerCallListener.java:40)
	at io.grpc.Contexts$ContextualizedServerCallListener.onHalfClose(Contexts.java:86)
	at io.grpc.internal.ServerCallImpl$ServerStreamListenerImpl.halfClosed(ServerCallImpl.java:356)
	at io.grpc.internal.ServerImpl$JumpToApplicationThreadServerStreamListener$1HalfClosed.runInContext(ServerImpl.java:861)
	at io.grpc.internal.ContextRunnable.run(ContextRunnable.java:37)
	at io.grpc.internal.SerializingExecutor.run(SerializingExecutor.java:133)
	at java.base/java.util.concurrent.ThreadPoolExecutor.runWorker(ThreadPoolExecutor.java:1128)
	at java.base/java.util.concurrent.ThreadPoolExecutor$Worker.run(ThreadPoolExecutor.java:628)
	at java.base/java.lang.Thread.run(Thread.java:834)

Oct 07, 2026 11:55:15 AM io.gapi.emulators.netty.HttpHandler$1 onError
INFO: Exception when handling request: PERMISSION_DENIED: 
false for 'create' @ L166, false for 'create' @ L235, false for 'update' @ L166, false for 'update' @ L235
Oct 07, 2026 11:55:15 AM com.google.cloud.datastore.emulator.impl.util.WrappedStreamObserver onError
WARNING: Operation failed: 
false for 'create' @ L184, false for 'create' @ L235, evaluation error at L180:26 for 'update' @ L180, false for 'update' @ L235, false for 'update' @ L180, false for 'update' @ L235
com.google.cloud.datastore.core.exception.DatastoreException: 
false for 'create' @ L184, false for 'create' @ L235, evaluation error at L180:26 for 'update' @ L180, false for 'update' @ L235, false for 'update' @ L180, false for 'update' @ L235
	at com.google.cloud.datastore.core.exception.DatastoreException$Builder.build(DatastoreException.java:121)
	at com.google.cloud.datastore.emulator.impl.rules.DefaultEmulatorRulesAuthorizer.verboseError(DefaultEmulatorRulesAuthorizer.java:318)
	at com.google.cloud.datastore.emulator.impl.rules.DefaultEmulatorRulesAuthorizer.withVerboseErrors(DefaultEmulatorRulesAuthorizer.java:295)
	at com.google.cloud.datastore.emulator.impl.rules.DefaultEmulatorRulesAuthorizer.checkCommit(DefaultEmulatorRulesAuthorizer.java:114)
	at com.google.cloud.datastore.emulator.impl.firestore.FirestoreEmulatorHelper.commitHelper(FirestoreEmulatorHelper.java:360)
	at com.google.cloud.datastore.emulator.impl.firestore.FirestoreEmulatorHelper.internalCommit(FirestoreEmulatorHelper.java:314)
	at com.google.cloud.datastore.emulator.impl.firestore.CloudFirestoreV1.internalCommit(CloudFirestoreV1.java:1077)
	at com.google.cloud.datastore.emulator.impl.firestore.CloudFirestoreV1.updateDocument(CloudFirestoreV1.java:458)
	at com.google.cloud.datastore.emulator.impl.firestore.CloudFirestoreV1Router.updateDocument(CloudFirestoreV1Router.java:149)
	at com.google.cloud.datastore.emulator.firestore.v1.FirestoreV1GrpcAdapter$1.lambda$updateDocument$4(FirestoreV1GrpcAdapter.java:132)
	at com.google.cloud.datastore.emulator.firestore.v1.FirestoreV1GrpcAdapter.unary(FirestoreV1GrpcAdapter.java:72)
	at com.google.cloud.datastore.emulator.firestore.v1.FirestoreV1GrpcAdapter$1.updateDocument(FirestoreV1GrpcAdapter.java:132)
	at com.google.firestore.v1.FirestoreGrpc$MethodHandlers.invoke(FirestoreGrpc.java:1218)
	at io.grpc.stub.ServerCalls$UnaryServerCallHandler$UnaryServerCallListener.onHalfClose(ServerCalls.java:182)
	at io.grpc.PartialForwardingServerCallListener.onHalfClose(PartialForwardingServerCallListener.java:35)
	at io.grpc.ForwardingServerCallListener.onHalfClose(ForwardingServerCallListener.java:23)
	at io.grpc.ForwardingServerCallListener$SimpleForwardingServerCallListener.onHalfClose(ForwardingServerCallListener.java:40)
	at io.grpc.Contexts$ContextualizedServerCallListener.onHalfClose(Contexts.java:86)
	at io.grpc.PartialForwardingServerCallListener.onHalfClose(PartialForwardingServerCallListener.java:35)
	at io.grpc.ForwardingServerCallListener.onHalfClose(ForwardingServerCallListener.java:23)
	at io.grpc.ForwardingServerCallListener$SimpleForwardingServerCallListener.onHalfClose(ForwardingServerCallListener.java:40)
	at io.grpc.Contexts$ContextualizedServerCallListener.onHalfClose(Contexts.java:86)
	at io.grpc.internal.ServerCallImpl$ServerStreamListenerImpl.halfClosed(ServerCallImpl.java:356)
	at io.grpc.internal.ServerImpl$JumpToApplicationThreadServerStreamListener$1HalfClosed.runInContext(ServerImpl.java:861)
	at io.grpc.internal.ContextRunnable.run(ContextRunnable.java:37)
	at io.grpc.internal.SerializingExecutor.run(SerializingExecutor.java:133)
	at java.base/java.util.concurrent.ThreadPoolExecutor.runWorker(ThreadPoolExecutor.java:1128)
	at java.base/java.util.concurrent.ThreadPoolExecutor$Worker.run(ThreadPoolExecutor.java:628)
	at java.base/java.lang.Thread.run(Thread.java:834)

Oct 07, 2026 11:55:15 AM io.gapi.emulators.netty.HttpHandler$1 onError
INFO: Exception when handling request: PERMISSION_DENIED: 
false for 'create' @ L184, false for 'create' @ L235, evaluation error at L180:26 for 'update' @ L180, false for 'update' @ L235, false for 'update' @ L180, false for 'update' @ L235
Oct 07, 2026 11:57:54 AM io.gapi.emulators.netty.HttpVersionRoutingHandler channelRead
INFO: Detected non-HTTP/2 connection.
Oct 07, 2026 11:57:54 AM io.gapi.emulators.netty.HttpVersionRoutingHandler channelRead
INFO: Detected non-HTTP/2 connection.
Oct 07, 2026 11:57:54 AM com.google.cloud.datastore.emulator.impl.util.WrappedStreamObserver onError
WARNING: Operation failed: 
false for 'create' @ L82, false for 'create' @ L235, evaluation error at L88:24 for 'update' @ L88, false for 'update' @ L235, false for 'update' @ L88, false for 'update' @ L235
com.google.cloud.datastore.core.exception.DatastoreException: 
false for 'create' @ L82, false for 'create' @ L235, evaluation error at L88:24 for 'update' @ L88, false for 'update' @ L235, false for 'update' @ L88, false for 'update' @ L235
	at com.google.cloud.datastore.core.exception.DatastoreException$Builder.build(DatastoreException.java:121)
	at com.google.cloud.datastore.emulator.impl.rules.DefaultEmulatorRulesAuthorizer.verboseError(DefaultEmulatorRulesAuthorizer.java:318)
	at com.google.cloud.datastore.emulator.impl.rules.DefaultEmulatorRulesAuthorizer.withVerboseErrors(DefaultEmulatorRulesAuthorizer.java:295)
	at com.google.cloud.datastore.emulator.impl.rules.DefaultEmulatorRulesAuthorizer.checkCommit(DefaultEmulatorRulesAuthorizer.java:114)
	at com.google.cloud.datastore.emulator.impl.firestore.FirestoreEmulatorHelper.commitHelper(FirestoreEmulatorHelper.java:360)
	at com.google.cloud.datastore.emulator.impl.firestore.FirestoreEmulatorHelper.internalCommit(FirestoreEmulatorHelper.java:314)
	at com.google.cloud.datastore.emulator.impl.firestore.CloudFirestoreV1.internalCommit(CloudFirestoreV1.java:1077)
	at com.google.cloud.datastore.emulator.impl.firestore.CloudFirestoreV1.updateDocument(CloudFirestoreV1.java:458)
	at com.google.cloud.datastore.emulator.impl.firestore.CloudFirestoreV1Router.updateDocument(CloudFirestoreV1Router.java:149)
	at com.google.cloud.datastore.emulator.firestore.v1.FirestoreV1GrpcAdapter$1.lambda$updateDocument$4(FirestoreV1GrpcAdapter.java:132)
	at com.google.cloud.datastore.emulator.firestore.v1.FirestoreV1GrpcAdapter.unary(FirestoreV1GrpcAdapter.java:72)
	at com.google.cloud.datastore.emulator.firestore.v1.FirestoreV1GrpcAdapter$1.updateDocument(FirestoreV1GrpcAdapter.java:132)
	at com.google.firestore.v1.FirestoreGrpc$MethodHandlers.invoke(FirestoreGrpc.java:1218)
	at io.grpc.stub.ServerCalls$UnaryServerCallHandler$UnaryServerCallListener.onHalfClose(ServerCalls.java:182)
	at io.grpc.PartialForwardingServerCallListener.onHalfClose(PartialForwardingServerCallListener.java:35)
	at io.grpc.ForwardingServerCallListener.onHalfClose(ForwardingServerCallListener.java:23)
	at io.grpc.ForwardingServerCallListener$SimpleForwardingServerCallListener.onHalfClose(ForwardingServerCallListener.java:40)
	at io.grpc.Contexts$ContextualizedServerCallListener.onHalfClose(Contexts.java:86)
	at io.grpc.PartialForwardingServerCallListener.onHalfClose(PartialForwardingServerCallListener.java:35)
	at io.grpc.ForwardingServerCallListener.onHalfClose(ForwardingServerCallListener.java:23)
	at io.grpc.ForwardingServerCallListener$SimpleForwardingServerCallListener.onHalfClose(ForwardingServerCallListener.java:40)
	at io.grpc.Contexts$ContextualizedServerCallListener.onHalfClose(Contexts.java:86)
	at io.grpc.internal.ServerCallImpl$ServerStreamListenerImpl.halfClosed(ServerCallImpl.java:356)
	at io.grpc.internal.ServerImpl$JumpToApplicationThreadServerStreamListener$1HalfClosed.runInContext(ServerImpl.java:861)
	at io.grpc.internal.ContextRunnable.run(ContextRunnable.java:37)
	at io.grpc.internal.SerializingExecutor.run(SerializingExecutor.java:133)
	at java.base/java.util.concurrent.ThreadPoolExecutor.runWorker(ThreadPoolExecutor.java:1128)
	at java.base/java.util.concurrent.ThreadPoolExecutor$Worker.run(ThreadPoolExecutor.java:628)
	at java.base/java.lang.Thread.run(Thread.java:834)

Oct 07, 2026 11:57:54 AM io.gapi.emulators.netty.HttpHandler$1 onError
INFO: Exception when handling request: PERMISSION_DENIED: 
false for 'create' @ L82, false for 'create' @ L235, evaluation error at L88:24 for 'update' @ L88, false for 'update' @ L235, false for 'update' @ L88, false for 'update' @ L235
Oct 07, 2026 11:57:54 AM com.google.cloud.datastore.emulator.impl.util.WrappedStreamObserver onError
WARNING: Operation failed: 
false for 'get' @ L177, false for 'get' @ L235
com.google.cloud.datastore.core.exception.DatastoreException: 
false for 'get' @ L177, false for 'get' @ L235
	at com.google.cloud.datastore.core.exception.DatastoreException$Builder.build(DatastoreException.java:121)
	at com.google.cloud.datastore.emulator.impl.rules.DefaultEmulatorRulesAuthorizer.verboseError(DefaultEmulatorRulesAuthorizer.java:318)
	at com.google.cloud.datastore.emulator.impl.rules.DefaultEmulatorRulesAuthorizer.withVerboseErrors(DefaultEmulatorRulesAuthorizer.java:295)
	at com.google.cloud.datastore.emulator.impl.rules.DefaultEmulatorRulesAuthorizer.checkLookup(DefaultEmulatorRulesAuthorizer.java:153)
	at com.google.cloud.datastore.emulator.impl.firestore.FirestoreEmulatorHelper.snapshotRead(FirestoreEmulatorHelper.java:286)
	at com.google.cloud.datastore.emulator.impl.firestore.FirestoreEmulatorHelper.lambda$read$0(FirestoreEmulatorHelper.java:245)
	at com.google.cloud.datastore.emulator.impl.transactions.EmulatorTransactionManager$ReadOnlyTransaction.fold(EmulatorTransactionManager.java:461)
	at com.google.cloud.datastore.emulator.impl.firestore.FirestoreEmulatorHelper.read(FirestoreEmulatorHelper.java:244)
	at com.google.cloud.datastore.emulator.impl.firestore.CloudFirestoreV1.getDocument(CloudFirestoreV1.java:331)
	at com.google.cloud.datastore.emulator.impl.firestore.CloudFirestoreV1Router.getDocument(CloudFirestoreV1Router.java:129)
	at com.google.cloud.datastore.emulator.impl.firestore.CloudFirestoreV1Router.getOrListDocuments(CloudFirestoreV1Router.java:123)
	at com.google.cloud.datastore.emulator.firestore.v1.FirestoreV1GrpcAdapter$1.lambda$getOrListDocuments$0(FirestoreV1GrpcAdapter.java:108)
	at com.google.cloud.datastore.emulator.firestore.v1.FirestoreV1GrpcAdapter.unary(FirestoreV1GrpcAdapter.java:72)
	at com.google.cloud.datastore.emulator.firestore.v1.FirestoreV1GrpcAdapter$1.getOrListDocuments(FirestoreV1GrpcAdapter.java:108)
	at com.google.firestore.v1.FirestoreGrpc$MethodHandlers.invoke(FirestoreGrpc.java:1206)
	at io.grpc.stub.ServerCalls$UnaryServerCallHandler$UnaryServerCallListener.onHalfClose(ServerCalls.java:182)
	at io.grpc.PartialForwardingServerCallListener.onHalfClose(PartialForwardingServerCallListener.java:35)
	at io.grpc.ForwardingServerCallListener.onHalfClose(ForwardingServerCallListener.java:23)
	at io.grpc.ForwardingServerCallListener$SimpleForwardingServerCallListener.onHalfClose(ForwardingServerCallListener.java:40)
	at io.grpc.Contexts$ContextualizedServerCallListener.onHalfClose(Contexts.java:86)
	at io.grpc.PartialForwardingServerCallListener.onHalfClose(PartialForwardingServerCallListener.java:35)
	at io.grpc.ForwardingServerCallListener.onHalfClose(ForwardingServerCallListener.java:23)
	at io.grpc.ForwardingServerCallListener$SimpleForwardingServerCallListener.onHalfClose(ForwardingServerCallListener.java:40)
	at io.grpc.Contexts$ContextualizedServerCallListener.onHalfClose(Contexts.java:86)
	at io.grpc.internal.ServerCallImpl$ServerStreamListenerImpl.halfClosed(ServerCallImpl.java:356)
	at io.grpc.internal.ServerImpl$JumpToApplicationThreadServerStreamListener$1HalfClosed.runInContext(ServerImpl.java:861)
	at io.grpc.internal.ContextRunnable.run(ContextRunnable.java:37)
	at io.grpc.internal.SerializingExecutor.run(SerializingExecutor.java:133)
	at java.base/java.util.concurrent.ThreadPoolExecutor.runWorker(ThreadPoolExecutor.java:1128)
	at java.base/java.util.concurrent.ThreadPoolExecutor$Worker.run(ThreadPoolExecutor.java:628)
	at java.base/java.lang.Thread.run(Thread.java:834)

Oct 07, 2026 11:57:54 AM io.gapi.emulators.netty.HttpHandler$1 onError
INFO: Exception when handling request: PERMISSION_DENIED: 
false for 'get' @ L177, false for 'get' @ L235
Oct 07, 2026 11:57:54 AM com.google.cloud.datastore.emulator.impl.util.WrappedStreamObserver onError
WARNING: Operation failed: 
false for 'get' @ L190, false for 'get' @ L235
com.google.cloud.datastore.core.exception.DatastoreException: 
false for 'get' @ L190, false for 'get' @ L235
	at com.google.cloud.datastore.core.exception.DatastoreException$Builder.build(DatastoreException.java:121)
	at com.google.cloud.datastore.emulator.impl.rules.DefaultEmulatorRulesAuthorizer.verboseError(DefaultEmulatorRulesAuthorizer.java:318)
	at com.google.cloud.datastore.emulator.impl.rules.DefaultEmulatorRulesAuthorizer.withVerboseErrors(DefaultEmulatorRulesAuthorizer.java:295)
	at com.google.cloud.datastore.emulator.impl.rules.DefaultEmulatorRulesAuthorizer.checkLookup(DefaultEmulatorRulesAuthorizer.java:153)
	at com.google.cloud.datastore.emulator.impl.firestore.FirestoreEmulatorHelper.snapshotRead(FirestoreEmulatorHelper.java:286)
	at com.google.cloud.datastore.emulator.impl.firestore.FirestoreEmulatorHelper.lambda$read$0(FirestoreEmulatorHelper.java:245)
	at com.google.cloud.datastore.emulator.impl.transactions.EmulatorTransactionManager$ReadOnlyTransaction.fold(EmulatorTransactionManager.java:461)
	at com.google.cloud.datastore.emulator.impl.firestore.FirestoreEmulatorHelper.read(FirestoreEmulatorHelper.java:244)
	at com.google.cloud.datastore.emulator.impl.firestore.CloudFirestoreV1.getDocument(CloudFirestoreV1.java:331)
	at com.google.cloud.datastore.emulator.impl.firestore.CloudFirestoreV1Router.getDocument(CloudFirestoreV1Router.java:129)
	at com.google.cloud.datastore.emulator.impl.firestore.CloudFirestoreV1Router.getOrListDocuments(CloudFirestoreV1Router.java:123)
	at com.google.cloud.datastore.emulator.firestore.v1.FirestoreV1GrpcAdapter$1.lambda$getOrListDocuments$0(FirestoreV1GrpcAdapter.java:108)
	at com.google.cloud.datastore.emulator.firestore.v1.FirestoreV1GrpcAdapter.unary(FirestoreV1GrpcAdapter.java:72)
	at com.google.cloud.datastore.emulator.firestore.v1.FirestoreV1GrpcAdapter$1.getOrListDocuments(FirestoreV1GrpcAdapter.java:108)
	at com.google.firestore.v1.FirestoreGrpc$MethodHandlers.invoke(FirestoreGrpc.java:1206)
	at io.grpc.stub.ServerCalls$UnaryServerCallHandler$UnaryServerCallListener.onHalfClose(ServerCalls.java:182)
	at io.grpc.PartialForwardingServerCallListener.onHalfClose(PartialForwardingServerCallListener.java:35)
	at io.grpc.ForwardingServerCallListener.onHalfClose(ForwardingServerCallListener.java:23)
	at io.grpc.ForwardingServerCallListener$SimpleForwardingServerCallListener.onHalfClose(ForwardingServerCallListener.java:40)
	at io.grpc.Contexts$ContextualizedServerCallListener.onHalfClose(Contexts.java:86)
	at io.grpc.PartialForwardingServerCallListener.onHalfClose(PartialForwardingServerCallListener.java:35)
	at io.grpc.ForwardingServerCallListener.onHalfClose(ForwardingServerCallListener.java:23)
	at io.grpc.ForwardingServerCallListener$SimpleForwardingServerCallListener.onHalfClose(ForwardingServerCallListener.java:40)
	at io.grpc.Contexts$ContextualizedServerCallListener.onHalfClose(Contexts.java:86)
	at io.grpc.internal.ServerCallImpl$ServerStreamListenerImpl.halfClosed(ServerCallImpl.java:356)
	at io.grpc.internal.ServerImpl$JumpToApplicationThreadServerStreamListener$1HalfClosed.runInContext(ServerImpl.java:861)
	at io.grpc.internal.ContextRunnable.run(ContextRunnable.java:37)
	at io.grpc.internal.SerializingExecutor.run(SerializingExecutor.java:133)
	at java.base/java.util.concurrent.ThreadPoolExecutor.runWorker(ThreadPoolExecutor.java:1128)
	at java.base/java.util.concurrent.ThreadPoolExecutor$Worker.run(ThreadPoolExecutor.java:628)
	at java.base/java.lang.Thread.run(Thread.java:834)

Oct 07, 2026 11:57:54 AM io.gapi.emulators.netty.HttpHandler$1 onError
INFO: Exception when handling request: PERMISSION_DENIED: 
false for 'get' @ L190, false for 'get' @ L235
Oct 07, 2026 11:57:54 AM com.google.cloud.datastore.emulator.impl.util.WrappedStreamObserver onError
WARNING: Operation failed: 
evaluation error at L165:27 for 'get' @ L165, false for 'get' @ L235, false for 'get' @ L165, false for 'get' @ L235
com.google.cloud.datastore.core.exception.DatastoreException: 
evaluation error at L165:27 for 'get' @ L165, false for 'get' @ L235, false for 'get' @ L165, false for 'get' @ L235
	at com.google.cloud.datastore.core.exception.DatastoreException$Builder.build(DatastoreException.java:121)
	at com.google.cloud.datastore.emulator.impl.rules.DefaultEmulatorRulesAuthorizer.verboseError(DefaultEmulatorRulesAuthorizer.java:318)
	at com.google.cloud.datastore.emulator.impl.rules.DefaultEmulatorRulesAuthorizer.withVerboseErrors(DefaultEmulatorRulesAuthorizer.java:295)
	at com.google.cloud.datastore.emulator.impl.rules.DefaultEmulatorRulesAuthorizer.checkLookup(DefaultEmulatorRulesAuthorizer.java:153)
	at com.google.cloud.datastore.emulator.impl.firestore.FirestoreEmulatorHelper.snapshotRead(FirestoreEmulatorHelper.java:286)
	at com.google.cloud.datastore.emulator.impl.firestore.FirestoreEmulatorHelper.lambda$read$0(FirestoreEmulatorHelper.java:245)
	at com.google.cloud.datastore.emulator.impl.transactions.EmulatorTransactionManager$ReadOnlyTransaction.fold(EmulatorTransactionManager.java:461)
	at com.google.cloud.datastore.emulator.impl.firestore.FirestoreEmulatorHelper.read(FirestoreEmulatorHelper.java:244)
	at com.google.cloud.datastore.emulator.impl.firestore.CloudFirestoreV1.getDocument(CloudFirestoreV1.java:331)
	at com.google.cloud.datastore.emulator.impl.firestore.CloudFirestoreV1Router.getDocument(CloudFirestoreV1Router.java:129)
	at com.google.cloud.datastore.emulator.impl.firestore.CloudFirestoreV1Router.getOrListDocuments(CloudFirestoreV1Router.java:123)
	at com.google.cloud.datastore.emulator.firestore.v1.FirestoreV1GrpcAdapter$1.lambda$getOrListDocuments$0(FirestoreV1GrpcAdapter.java:108)
	at com.google.cloud.datastore.emulator.firestore.v1.FirestoreV1GrpcAdapter.unary(FirestoreV1GrpcAdapter.java:72)
	at com.google.cloud.datastore.emulator.firestore.v1.FirestoreV1GrpcAdapter$1.getOrListDocuments(FirestoreV1GrpcAdapter.java:108)
	at com.google.firestore.v1.FirestoreGrpc$MethodHandlers.invoke(FirestoreGrpc.java:1206)
	at io.grpc.stub.ServerCalls$UnaryServerCallHandler$UnaryServerCallListener.onHalfClose(ServerCalls.java:182)
	at io.grpc.PartialForwardingServerCallListener.onHalfClose(PartialForwardingServerCallListener.java:35)
	at io.grpc.ForwardingServerCallListener.onHalfClose(ForwardingServerCallListener.java:23)
	at io.grpc.ForwardingServerCallListener$SimpleForwardingServerCallListener.onHalfClose(ForwardingServerCallListener.java:40)
	at io.grpc.Contexts$ContextualizedServerCallListener.onHalfClose(Contexts.java:86)
	at io.grpc.PartialForwardingServerCallListener.onHalfClose(PartialForwardingServerCallListener.java:35)
	at io.grpc.ForwardingServerCallListener.onHalfClose(ForwardingServerCallListener.java:23)
	at io.grpc.ForwardingServerCallListener$SimpleForwardingServerCallListener.onHalfClose(ForwardingServerCallListener.java:40)
	at io.grpc.Contexts$ContextualizedServerCallListener.onHalfClose(Contexts.java:86)
	at io.grpc.internal.ServerCallImpl$ServerStreamListenerImpl.halfClosed(ServerCallImpl.java:356)
	at io.grpc.internal.ServerImpl$JumpToApplicationThreadServerStreamListener$1HalfClosed.runInContext(ServerImpl.java:861)
	at io.grpc.internal.ContextRunnable.run(ContextRunnable.java:37)
	at io.grpc.internal.SerializingExecutor.run(SerializingExecutor.java:133)
	at java.base/java.util.concurrent.ThreadPoolExecutor.runWorker(ThreadPoolExecutor.java:1128)
	at java.base/java.util.concurrent.ThreadPoolExecutor$Worker.run(ThreadPoolExecutor.java:628)
	at java.base/java.lang.Thread.run(Thread.java:834)

Oct 07, 2026 11:57:54 AM io.gapi.emulators.netty.HttpHandler$1 onError
INFO: Exception when handling request: PERMISSION_DENIED: 
evaluation error at L165:27 for 'get' @ L165, false for 'get' @ L235, false for 'get' @ L165, false for 'get' @ L235
Oct 07, 2026 11:57:54 AM com.google.cloud.datastore.emulator.impl.util.WrappedStreamObserver onError
WARNING: Operation failed: 
false for 'get' @ L177, false for 'get' @ L235
com.google.cloud.datastore.core.exception.DatastoreException: 
false for 'get' @ L177, false for 'get' @ L235
	at com.google.cloud.datastore.core.exception.DatastoreException$Builder.build(DatastoreException.java:121)
	at com.google.cloud.datastore.emulator.impl.rules.DefaultEmulatorRulesAuthorizer.verboseError(DefaultEmulatorRulesAuthorizer.java:318)
	at com.google.cloud.datastore.emulator.impl.rules.DefaultEmulatorRulesAuthorizer.withVerboseErrors(DefaultEmulatorRulesAuthorizer.java:295)
	at com.google.cloud.datastore.emulator.impl.rules.DefaultEmulatorRulesAuthorizer.checkLookup(DefaultEmulatorRulesAuthorizer.java:153)
	at com.google.cloud.datastore.emulator.impl.firestore.FirestoreEmulatorHelper.snapshotRead(FirestoreEmulatorHelper.java:286)
	at com.google.cloud.datastore.emulator.impl.firestore.FirestoreEmulatorHelper.lambda$read$0(FirestoreEmulatorHelper.java:245)
	at com.google.cloud.datastore.emulator.impl.transactions.EmulatorTransactionManager$ReadOnlyTransaction.fold(EmulatorTransactionManager.java:461)
	at com.google.cloud.datastore.emulator.impl.firestore.FirestoreEmulatorHelper.read(FirestoreEmulatorHelper.java:244)
	at com.google.cloud.datastore.emulator.impl.firestore.CloudFirestoreV1.getDocument(CloudFirestoreV1.java:331)
	at com.google.cloud.datastore.emulator.impl.firestore.CloudFirestoreV1Router.getDocument(CloudFirestoreV1Router.java:129)
	at com.google.cloud.datastore.emulator.impl.firestore.CloudFirestoreV1Router.getOrListDocuments(CloudFirestoreV1Router.java:123)
	at com.google.cloud.datastore.emulator.firestore.v1.FirestoreV1GrpcAdapter$1.lambda$getOrListDocuments$0(FirestoreV1GrpcAdapter.java:108)
	at com.google.cloud.datastore.emulator.firestore.v1.FirestoreV1GrpcAdapter.unary(FirestoreV1GrpcAdapter.java:72)
	at com.google.cloud.datastore.emulator.firestore.v1.FirestoreV1GrpcAdapter$1.getOrListDocuments(FirestoreV1GrpcAdapter.java:108)
	at com.google.firestore.v1.FirestoreGrpc$MethodHandlers.invoke(FirestoreGrpc.java:1206)
	at io.grpc.stub.ServerCalls$UnaryServerCallHandler$UnaryServerCallListener.onHalfClose(ServerCalls.java:182)
	at io.grpc.PartialForwardingServerCallListener.onHalfClose(PartialForwardingServerCallListener.java:35)
	at io.grpc.ForwardingServerCallListener.onHalfClose(ForwardingServerCallListener.java:23)
	at io.grpc.ForwardingServerCallListener$SimpleForwardingServerCallListener.onHalfClose(ForwardingServerCallListener.java:40)
	at io.grpc.Contexts$ContextualizedServerCallListener.onHalfClose(Contexts.java:86)
	at io.grpc.PartialForwardingServerCallListener.onHalfClose(PartialForwardingServerCallListener.java:35)
	at io.grpc.ForwardingServerCallListener.onHalfClose(ForwardingServerCallListener.java:23)
	at io.grpc.ForwardingServerCallListener$SimpleForwardingServerCallListener.onHalfClose(ForwardingServerCallListener.java:40)
	at io.grpc.Contexts$ContextualizedServerCallListener.onHalfClose(Contexts.java:86)
	at io.grpc.internal.ServerCallImpl$ServerStreamListenerImpl.halfClosed(ServerCallImpl.java:356)
	at io.grpc.internal.ServerImpl$JumpToApplicationThreadServerStreamListener$1HalfClosed.runInContext(ServerImpl.java:861)
	at io.grpc.internal.ContextRunnable.run(ContextRunnable.java:37)
	at io.grpc.internal.SerializingExecutor.run(SerializingExecutor.java:133)
	at java.base/java.util.concurrent.ThreadPoolExecutor.runWorker(ThreadPoolExecutor.java:1128)
	at java.base/java.util.concurrent.ThreadPoolExecutor$Worker.run(ThreadPoolExecutor.java:628)
	at java.base/java.lang.Thread.run(Thread.java:834)

Oct 07, 2026 11:57:54 AM io.gapi.emulators.netty.HttpHandler$1 onError
INFO: Exception when handling request: PERMISSION_DENIED: 
false for 'get' @ L177, false for 'get' @ L235
Oct 07, 2026 11:57:54 AM com.google.cloud.datastore.emulator.impl.util.WrappedStreamObserver onError
WARNING: Operation failed: 
false for 'create' @ L166, false for 'create' @ L235, false for 'update' @ L166, false for 'update' @ L235
com.google.cloud.datastore.core.exception.DatastoreException: 
false for 'create' @ L166, false for 'create' @ L235, false for 'update' @ L166, false for 'update' @ L235
	at com.google.cloud.datastore.core.exception.DatastoreException$Builder.build(DatastoreException.java:121)
	at com.google.cloud.datastore.emulator.impl.rules.DefaultEmulatorRulesAuthorizer.verboseError(DefaultEmulatorRulesAuthorizer.java:318)
	at com.google.cloud.datastore.emulator.impl.rules.DefaultEmulatorRulesAuthorizer.withVerboseErrors(DefaultEmulatorRulesAuthorizer.java:295)
	at com.google.cloud.datastore.emulator.impl.rules.DefaultEmulatorRulesAuthorizer.checkCommit(DefaultEmulatorRulesAuthorizer.java:114)
	at com.google.cloud.datastore.emulator.impl.firestore.FirestoreEmulatorHelper.commitHelper(FirestoreEmulatorHelper.java:360)
	at com.google.cloud.datastore.emulator.impl.firestore.FirestoreEmulatorHelper.internalCommit(FirestoreEmulatorHelper.java:314)
	at com.google.cloud.datastore.emulator.impl.firestore.CloudFirestoreV1.internalCommit(CloudFirestoreV1.java:1077)
	at com.google.cloud.datastore.emulator.impl.firestore.CloudFirestoreV1.updateDocument(CloudFirestoreV1.java:458)
	at com.google.cloud.datastore.emulator.impl.firestore.CloudFirestoreV1Router.updateDocument(CloudFirestoreV1Router.java:149)
	at com.google.cloud.datastore.emulator.firestore.v1.FirestoreV1GrpcAdapter$1.lambda$updateDocument$4(FirestoreV1GrpcAdapter.java:132)
	at com.google.cloud.datastore.emulator.firestore.v1.FirestoreV1GrpcAdapter.unary(FirestoreV1GrpcAdapter.java:72)
	at com.google.cloud.datastore.emulator.firestore.v1.FirestoreV1GrpcAdapter$1.updateDocument(FirestoreV1GrpcAdapter.java:132)
	at com.google.firestore.v1.FirestoreGrpc$MethodHandlers.invoke(FirestoreGrpc.java:1218)
	at io.grpc.stub.ServerCalls$UnaryServerCallHandler$UnaryServerCallListener.onHalfClose(ServerCalls.java:182)
	at io.grpc.PartialForwardingServerCallListener.onHalfClose(PartialForwardingServerCallListener.java:35)
	at io.grpc.ForwardingServerCallListener.onHalfClose(ForwardingServerCallListener.java:23)
	at io.grpc.ForwardingServerCallListener$SimpleForwardingServerCallListener.onHalfClose(ForwardingServerCallListener.java:40)
	at io.grpc.Contexts$ContextualizedServerCallListener.onHalfClose(Contexts.java:86)
	at io.grpc.PartialForwardingServerCallListener.onHalfClose(PartialForwardingServerCallListener.java:35)
	at io.grpc.ForwardingServerCallListener.onHalfClose(ForwardingServerCallListener.java:23)
	at io.grpc.ForwardingServerCallListener$SimpleForwardingServerCallListener.onHalfClose(ForwardingServerCallListener.java:40)
	at io.grpc.Contexts$ContextualizedServerCallListener.onHalfClose(Contexts.java:86)
	at io.grpc.internal.ServerCallImpl$ServerStreamListenerImpl.halfClosed(ServerCallImpl.java:356)
	at io.grpc.internal.ServerImpl$JumpToApplicationThreadServerStreamListener$1HalfClosed.runInContext(ServerImpl.java:861)
	at io.grpc.internal.ContextRunnable.run(ContextRunnable.java:37)
	at io.grpc.internal.SerializingExecutor.run(SerializingExecutor.java:133)
	at java.base/java.util.concurrent.ThreadPoolExecutor.runWorker(ThreadPoolExecutor.java:1128)
	at java.base/java.util.concurrent.ThreadPoolExecutor$Worker.run(ThreadPoolExecutor.java:628)
	at java.base/java.lang.Thread.run(Thread.java:834)

Oct 07, 2026 11:57:54 AM io.gapi.emulators.netty.HttpHandler$1 onError
INFO: Exception when handling request: PERMISSION_DENIED: 
false for 'create' @ L166, false for 'create' @ L235, false for 'update' @ L166, false for 'update' @ L235
Oct 07, 2026 11:57:54 AM com.google.cloud.datastore.emulator.impl.util.WrappedStreamObserver onError
WARNING: Operation failed: 
false for 'create' @ L184, false for 'create' @ L235, evaluation error at L180:26 for 'update' @ L180, false for 'update' @ L235, false for 'update' @ L180, false for 'update' @ L235
com.google.cloud.datastore.core.exception.DatastoreException: 
false for 'create' @ L184, false for 'create' @ L235, evaluation error at L180:26 for 'update' @ L180, false for 'update' @ L235, false for 'update' @ L180, false for 'update' @ L235
	at com.google.cloud.datastore.core.exception.DatastoreException$Builder.build(DatastoreException.java:121)
	at com.google.cloud.datastore.emulator.impl.rules.DefaultEmulatorRulesAuthorizer.verboseError(DefaultEmulatorRulesAuthorizer.java:318)
	at com.google.cloud.datastore.emulator.impl.rules.DefaultEmulatorRulesAuthorizer.withVerboseErrors(DefaultEmulatorRulesAuthorizer.java:295)
	at com.google.cloud.datastore.emulator.impl.rules.DefaultEmulatorRulesAuthorizer.checkCommit(DefaultEmulatorRulesAuthorizer.java:114)
	at com.google.cloud.datastore.emulator.impl.firestore.FirestoreEmulatorHelper.commitHelper(FirestoreEmulatorHelper.java:360)
	at com.google.cloud.datastore.emulator.impl.firestore.FirestoreEmulatorHelper.internalCommit(FirestoreEmulatorHelper.java:314)
	at com.google.cloud.datastore.emulator.impl.firestore.CloudFirestoreV1.internalCommit(CloudFirestoreV1.java:1077)
	at com.google.cloud.datastore.emulator.impl.firestore.CloudFirestoreV1.updateDocument(CloudFirestoreV1.java:458)
	at com.google.cloud.datastore.emulator.impl.firestore.CloudFirestoreV1Router.updateDocument(CloudFirestoreV1Router.java:149)
	at com.google.cloud.datastore.emulator.firestore.v1.FirestoreV1GrpcAdapter$1.lambda$updateDocument$4(FirestoreV1GrpcAdapter.java:132)
	at com.google.cloud.datastore.emulator.firestore.v1.FirestoreV1GrpcAdapter.unary(FirestoreV1GrpcAdapter.java:72)
	at com.google.cloud.datastore.emulator.firestore.v1.FirestoreV1GrpcAdapter$1.updateDocument(FirestoreV1GrpcAdapter.java:132)
	at com.google.firestore.v1.FirestoreGrpc$MethodHandlers.invoke(FirestoreGrpc.java:1218)
	at io.grpc.stub.ServerCalls$UnaryServerCallHandler$UnaryServerCallListener.onHalfClose(ServerCalls.java:182)
	at io.grpc.PartialForwardingServerCallListener.onHalfClose(PartialForwardingServerCallListener.java:35)
	at io.grpc.ForwardingServerCallListener.onHalfClose(ForwardingServerCallListener.java:23)
	at io.grpc.ForwardingServerCallListener$SimpleForwardingServerCallListener.onHalfClose(ForwardingServerCallListener.java:40)
	at io.grpc.Contexts$ContextualizedServerCallListener.onHalfClose(Contexts.java:86)
	at io.grpc.PartialForwardingServerCallListener.onHalfClose(PartialForwardingServerCallListener.java:35)
	at io.grpc.ForwardingServerCallListener.onHalfClose(ForwardingServerCallListener.java:23)
	at io.grpc.ForwardingServerCallListener$SimpleForwardingServerCallListener.onHalfClose(ForwardingServerCallListener.java:40)
	at io.grpc.Contexts$ContextualizedServerCallListener.onHalfClose(Contexts.java:86)
	at io.grpc.internal.ServerCallImpl$ServerStreamListenerImpl.halfClosed(ServerCallImpl.java:356)
	at io.grpc.internal.ServerImpl$JumpToApplicationThreadServerStreamListener$1HalfClosed.runInContext(ServerImpl.java:861)
	at io.grpc.internal.ContextRunnable.run(ContextRunnable.java:37)
	at io.grpc.internal.SerializingExecutor.run(SerializingExecutor.java:133)
	at java.base/java.util.concurrent.ThreadPoolExecutor.runWorker(ThreadPoolExecutor.java:1128)
	at java.base/java.util.concurrent.ThreadPoolExecutor$Worker.run(ThreadPoolExecutor.java:628)
	at java.base/java.lang.Thread.run(Thread.java:834)

Oct 07, 2026 11:57:54 AM io.gapi.emulators.netty.HttpHandler$1 onError
INFO: Exception when handling request: PERMISSION_DENIED: 
false for 'create' @ L184, false for 'create' @ L235, evaluation error at L180:26 for 'update' @ L180, false for 'update' @ L235, false for 'update' @ L180, false for 'update' @ L235
